Search Query,Search Volume,Click-Through Rate,Conversion Rate,Average Click Position,Results Count,Click Count,Conversion Count,Category,Quartile (Volume),Quartile (CTR),Unnamed: 11
hunting,4276,0.0,0.0,0.0,0,0,0,Low Performing,Q2 (25-50% Volume),Q1 (Bottom 25% CTR),
delivery,3618,0.0002763958,0.0,1.0,0,1,0,Low Performing,Q2 (25-50% Volume),Q1 (Bottom 25% CTR),
skiing,5416,0.0009231905,0.0,2.0,2511,5,0,High Volume, Low CTR,Q3 (50-75% Volume),Q1 (Bottom 25% CTR)
electric ,4769,0.0016775005,0.0,33.625,386,8,0,High Volume, Low CTR,Q3 (50-75% Volume),Q1 (Bottom 25% CTR)
cycling,7974,0.001755706,0.0001254076,2.1428571429,6019,14,1,High Volume, Low CTR,Q4 (Top 25% Volume),Q1 (Bottom 25% CTR)
bicycle,6691,0.0025407263,0.0,2.1176470588,6288,17,0,High Volume, Low CTR,Q3 (50-75% Volume),Q1 (Bottom 25% CTR)
decathlon,4480,0.003125,0.0,1.9285714286,722,14,0,High Volume, Low CTR,Q3 (50-75% Volume),Q1 (Bottom 25% CTR)
boxing,17993,0.0037236703,0.0005001945,2.2798507463,738,67,9,High Volume, Low CTR,Q4 (Top 25% Volume),Q1 (Bottom 25% CTR)
cycling ,3169,0.0041022405,0.0,2.3076923077,5832,13,0,Low Performing,Q2 (25-50% Volume),Q1 (Bottom 25% CTR),
gymnastics,6270,0.0043062201,0.0,2.3333333333,1330,27,0,High Volume, Low CTR,Q3 (50-75% Volume),Q1 (Bottom 25% CTR)
trail,2939,0.0044232732,0.0006805036,1.6153846154,440,13,2,Low Performing,Q1 (Bottom 25% Volume),Q1 (Bottom 25% CTR),
boxing ,5282,0.0045437334,0.0005679667,2.4583333333,664,24,3,High Volume, Low CTR,Q3 (50-75% Volume),Q1 (Bottom 25% CTR)
ski tr,2932,0.0047748977,0.0003410641,2.1428571429,424,14,1,Low Performing,Q1 (Bottom 25% Volume),Q1 (Bottom 25% CTR),
rugby,7407,0.0051302822,0.0005400297,2.3421052632,1740,38,4,High Volume, Low CTR,Q3 (50-75% Volume),Q1 (Bottom 25% CTR)
golf,21190,0.0051911279,0.0002359604,2.2227272727,3585,110,5,High Volume, Low CTR,Q4 (Top 25% Volume),Q1 (Bottom 25% CTR)
tennis,20374,0.005399038,0.000588986,1.5454545455,2503,110,12,High Volume, Low CTR,Q4 (Top 25% Volume),Q1 (Bottom 25% CTR)
horse riding,7035,0.00554371,0.0011371713,1.9871794872,2062,39,8,High Volume, Low CTR,Q3 (50-75% Volume),Q1 (Bottom 25% CTR)
ski ,5750,0.0055652174,0.000173913,1.71875,1833,32,1,High Volume, Low CTR,Q3 (50-75% Volume),Q1 (Bottom 25% CTR)
tri,3034,0.0056031641,0.0,5.3529411765,2754,17,0,Low Performing,Q1 (Bottom 25% Volume),Q1 (Bottom 25% CTR),
bike,37517,0.0056241171,0.0003465096,2.0868878357,7179,211,13,High Volume, Low CTR,Q4 (Top 25% Volume),Q1 (Bottom 25% CTR)
ski,34495,0.0057691193,0.0006088015,1.6909547739,3496,199,21,High Volume, Low CTR,Q4 (Top 25% Volume),Q1 (Bottom 25% CTR)
darts,20949,0.005775932,0.0003341448,2.3367768595,545,121,7,High Volume, Low CTR,Q4 (Top 25% Volume),Q1 (Bottom 25% CTR)
electric,3284,0.0057856273,0.0,27.1052631579,427,19,0,Low Performing,Q2 (25-50% Volume),Q1 (Bottom 25% CTR),
gymnastics ,3790,0.0058047493,0.001055409,1.9545454545,1205,22,4,Low Performing,Q2 (25-50% Volume),Q1 (Bottom 25% CTR),
fishing,17674,0.0058277696,0.0002263211,2.0825242718,4499,103,4,High Volume, Low CTR,Q4 (Top 25% Volume),Q1 (Bottom 25% CTR)
wet,6165,0.0060016221,0.000486618,7.9189189189,812,37,3,High Volume, Low CTR,Q3 (50-75% Volume),Q1 (Bottom 25% CTR)
ballet,7649,0.006013858,0.0007844163,2.0217391304,420,46,6,High Volume, Low CTR,Q3 (50-75% Volume),Q1 (Bottom 25% CTR)
kids,4079,0.0063741113,0.0,2.3076923077,8684,26,0,Low Performing,Q2 (25-50% Volume),Q1 (Bottom 25% CTR),
tennis ,6949,0.0067635631,0.0004317168,1.7340425532,2131,47,3,High Volume, Low CTR,Q3 (50-75% Volume),Q1 (Bottom 25% CTR)
kids ,3246,0.0073937153,0.0003080715,1.9375,8788,24,1,Low Performing,Q2 (25-50% Volume),Q1 (Bottom 25% CTR),
roller blades,3220,0.0074534161,0.000621118,2.5694444444,127,24,2,Low Performing,Q2 (25-50% Volume),Q1 (Bottom 25% CTR),
table tennis,9418,0.0075387556,0.0009556169,1.7816901408,966,71,9,High Volume, Low CTR,Q4 (Top 25% Volume),Q1 (Bottom 25% CTR)
waterproof tr,4896,0.0079656863,0.0016339869,1.8717948718,727,39,8,High Volume, Low CTR,Q3 (50-75% Volume),Q1 (Bottom 25% CTR)
swimming,11531,0.0081519383,0.0016477322,2.0053191489,4778,94,19,High Volume, Low CTR,Q4 (Top 25% Volume),Q1 (Bottom 25% CTR)
yoga,10852,0.0082012532,0.001105787,2.1853932584,1251,89,12,High Volume, Low CTR,Q4 (Top 25% Volume),Q1 (Bottom 25% CTR)
ski go,3007,0.0083139342,0.0013302295,2.2,279,25,4,Low Performing,Q1 (Bottom 25% Volume),Q1 (Bottom 25% CTR),
dum,6336,0.008364899,0.0006313131,7.1037735849,215,53,4,High Volume, Low CTR,Q3 (50-75% Volume),Q1 (Bottom 25% CTR)
sailing,4530,0.008388521,0.0015452539,2.1842105263,988,38,7,High Volume, Low CTR,Q3 (50-75% Volume),Q1 (Bottom 25% CTR)
horse riding ,2859,0.0083945435,0.0010493179,1.7083333333,1903,24,3,Low Performing,Q1 (Bottom 25% Volume),Q1 (Bottom 25% CTR),
netball,4369,0.0084687572,0.0018310826,1.9054054054,387,37,8,Low Performing,Q2 (25-50% Volume),Q1 (Bottom 25% CTR),
bike ,3645,0.0090534979,0.0005486968,2.7878787879,6676,33,2,Low Performing,Q2 (25-50% Volume),Q1 (Bottom 25% CTR),
north face,10114,0.0090963022,0.0,15.0543478261,79,92,0,High Volume, Low CTR,Q4 (Top 25% Volume),Q1 (Bottom 25% CTR)
the north face,3052,0.0091743119,0.0,15.0714285714,81,28,0,Low Performing,Q1 (Bottom 25% Volume),Q1 (Bottom 25% CTR),
foo,2606,0.0092095165,0.0007674597,2.125,7159,24,2,Low Performing,Q1 (Bottom 25% Volume),Q1 (Bottom 25% CTR),
cricket,11483,0.0092310372,0.0011321083,2.0377358491,1228,106,13,High Volume, Low CTR,Q4 (Top 25% Volume),Q1 (Bottom 25% CTR)
roller skates,9062,0.0096005297,0.0016552637,1.6049285963,266,87,15,High Volume, Low CTR,Q4 (Top 25% Volume),Q1 (Bottom 25% CTR)
van,3295,0.0100151745,0.0,10.3939393939,767,33,0,Low Performing,Q2 (25-50% Volume),Q1 (Bottom 25% CTR),
dumb,13702,0.0110932711,0.0014596409,11.3125,208,152,20,High Volume, Low CTR,Q4 (Top 25% Volume),Q1 (Bottom 25% CTR)
hockey,4676,0.0111206159,0.001497006,1.9134615385,1054,52,7,High Volume, Low CTR,Q3 (50-75% Volume),Q1 (Bottom 25% CTR)
climbing,6724,0.011155734,0.0022311468,2.0711111111,678,75,15,High Volume, Low CTR,Q3 (50-75% Volume),Q1 (Bottom 25% CTR)
cricket ,2860,0.0115384615,0.0013986014,2.2424242424,1099,33,4,Low Performing,Q1 (Bottom 25% Volume),Q1 (Bottom 25% CTR),
golf ,2663,0.0116410064,0.0007510327,2.2419354839,3368,31,2,Low Performing,Q1 (Bottom 25% Volume),Q1 (Bottom 25% CTR),
volleyball,4165,0.0117647059,0.0014405762,2.0,739,49,6,Low Performing,Q2 (25-50% Volume),Q1 (Bottom 25% CTR),
surf,3432,0.0128205128,0.0011655012,2.0340909091,3317,44,4,Low Performing,Q2 (25-50% Volume),Q1 (Bottom 25% CTR),
van rysel,11190,0.0133154602,0.0022341376,26.0838926174,441,149,25,High Volume, Low CTR,Q4 (Top 25% Volume),Q1 (Bottom 25% CTR)
tread,7282,0.0133205163,0.0013732491,3.6340206186,134,97,10,High Volume, Low CTR,Q3 (50-75% Volume),Q1 (Bottom 25% CTR)
fishing ,5450,0.0135779817,0.0011009174,2.1621621622,4374,74,6,High Volume, Low CTR,Q3 (50-75% Volume),Q1 (Bottom 25% CTR)
gym,7758,0.0136633153,0.0007733952,1.8066037736,2641,106,6,High Volume, Low CTR,Q3 (50-75% Volume),Q1 (Bottom 25% CTR)
tent ,4026,0.0141579732,0.000496771,2.350877193,778,57,2,Low Performing,Q2 (25-50% Volume),Q1 (Bottom 25% CTR),
foot,4113,0.014587892,0.0017019207,2.0166666667,7048,60,7,Low Performing,Q2 (25-50% Volume),Q1 (Bottom 25% CTR),
tent,88444,0.015919678,0.0016507621,2.0389796402,803,1408,146,High Volume, Low CTR,Q4 (Top 25% Volume),Q1 (Bottom 25% CTR)
sup,13020,0.0160522273,0.0022273425,1.5909090909,902,209,29,High Volume, Low CTR,Q4 (Top 25% Volume),Q1 (Bottom 25% CTR)
rash,5228,0.0164498852,0.0005738332,44.6723421927,341,86,3,High Volume, Low CTR,Q3 (50-75% Volume),Q1 (Bottom 25% CTR)
squash,4165,0.0172869148,0.0026410564,1.4861111111,762,72,11,Low Performing,Q2 (25-50% Volume),Q1 (Bottom 25% CTR),
well,4480,0.0174107143,0.0024553571,2.2884615385,539,78,11,High Volume, Low CTR,Q3 (50-75% Volume),Q1 (Bottom 25% CTR)
ruck,5183,0.0177503376,0.0019293845,7.7065217391,813,92,10,High Volume, Low CTR,Q3 (50-75% Volume),Q1 (Bottom 25% CTR)
swimming ,5338,0.0181715999,0.002248033,2.0841924399,4742,97,12,High Volume, Low CTR,Q3 (50-75% Volume),Q1 (Bottom 25% CTR)
basketball,12412,0.0184498872,0.0022558814,2.1524017467,1296,229,28,High Volume, Low CTR,Q4 (Top 25% Volume),Q1 (Bottom 25% CTR)
north face backpack,3494,0.01860332,0.0002862049,56.3487179487,1026,65,1,Low Performing,Q2 (25-50% Volume),Q1 (Bottom 25% CTR),
roller,8274,0.0186125212,0.002054629,2.1980519481,829,154,17,High Volume, Low CTR,Q4 (Top 25% Volume),Q1 (Bottom 25% CTR)
football ,9789,0.0192052304,0.0011237103,30.3874113475,4618,188,11,High Volume, Low CTR,Q4 (Top 25% Volume),Q1 (Bottom 25% CTR)
cam,2694,0.0200445434,0.0025983667,6.8314814815,1899,54,7,Low Performing,Q1 (Bottom 25% Volume),Q1 (Bottom 25% CTR),
snork,4189,0.0219622822,0.0035808069,3.7323369565,83,92,15,Low Performing,Q2 (25-50% Volume),Q1 (Bottom 25% CTR),
badminton,11933,0.0222073242,0.0049442722,1.4735849057,988,265,59,High Volume, Low CTR,Q4 (Top 25% Volume),Q1 (Bottom 25% CTR)
running,16728,0.0224188438,0.0017337239,1.3293333333,6673,375,29,High Volume, Low CTR,Q4 (Top 25% Volume),Q1 (Bottom 25% CTR)
badminton ,4303,0.0234719963,0.003021148,1.6534653465,968,101,13,Low Performing,Q2 (25-50% Volume),Q1 (Bottom 25% CTR),
basketball ,4661,0.024672817,0.0030036473,2.1739130435,1279,115,14,High Volume, Low CTR,Q3 (50-75% Volume),Q1 (Bottom 25% CTR)
roller ,2408,0.0253322259,0.0029069767,1.8360655738,698,61,7,Low Performing,Q1 (Bottom 25% Volume),Q1 (Bottom 25% CTR),
horse ,3445,0.0278664731,0.0005805515,126.2100694444,1680,96,2,Low Performing,Q2 (25-50% Volume),Q1 (Bottom 25% CTR),
sun,3497,0.02830998,0.0034315127,47.4781144781,1291,99,12,Low Performing,Q2 (25-50% Volume),Q1 (Bottom 25% CTR),
kalenji hat,3065,0.0283849918,0.0003262643,71.2183908046,282,87,1,Low Performing,Q1 (Bottom 25% Volume),Q1 (Bottom 25% CTR),
roll mat,3393,0.030651341,0.0008841733,4.5817307692,21,104,3,Low Performing,Q2 (25-50% Volume),Q1 (Bottom 25% CTR),
running ,8106,0.0308413521,0.0008635579,1.356,6166,250,7,High Volume, Low CTR,Q4 (Top 25% Volume),Q1 (Bottom 25% CTR)
camp,2914,0.0315717227,0.003431709,1.8152173913,1159,92,10,Low Performing,Q1 (Bottom 25% Volume),Q1 (Bottom 25% CTR),
football,29290,0.0320587231,0.0012632298,21.7279020234,5026,939,37,High Volume, Low CTR,Q4 (Top 25% Volume),Q1 (Bottom 25% CTR)
pop up,2577,0.0322079938,0.0,16.0050200803,107,83,0,Low Performing,Q1 (Bottom 25% Volume),Q1 (Bottom 25% CTR),
pad,2408,0.0323920266,0.0004152824,3.6378205128,2815,78,1,Low Performing,Q1 (Bottom 25% Volume),Q1 (Bottom 25% CTR),
ice,3583,0.0343287748,0.0027909573,20.0150406504,740,123,10,Low Performing,Q2 (25-50% Volume),Q1 (Bottom 25% CTR),
osprey backpack,4733,0.0359180224,0.0,26.2681372549,740,170,0,High Volume, Low CTR,Q3 (50-75% Volume),Q1 (Bottom 25% CTR)
basket,5062,0.0361517187,0.0009877519,14.6684881603,1146,183,5,High Volume, Low CTR,Q3 (50-75% Volume),Q1 (Bottom 25% CTR)
ten,2984,0.0365281501,0.0036863271,3.5183486239,2811,109,11,Low Performing,Q1 (Bottom 25% Volume),Q1 (Bottom 25% CTR),
walking ,2434,0.0369761709,0.001232539,30.7644444444,3317,90,3,Low Performing,Q1 (Bottom 25% Volume),Q1 (Bottom 25% CTR),
pickle,2421,0.0375877736,0.0033044197,10.7331668332,256,91,8,Low Performing,Q1 (Bottom 25% Volume),Q1 (Bottom 25% CTR),
board shorts,2888,0.0377423823,0.0003462604,9.9518348624,56,109,1,Low Performing,Q1 (Bottom 25% Volume),Q1 (Bottom 25% CTR),
osprey bag,3066,0.0381604697,0.0,2.0128205128,4,117,0,Low Performing,Q1 (Bottom 25% Volume),Q1 (Bottom 25% CTR),
archery,10498,0.0382930082,0.0080967803,1.5953565506,349,402,85,High Volume, Low CTR,Q4 (Top 25% Volume),Q1 (Bottom 25% CTR)
osprey,11154,0.0387305003,0.0007172315,40.5225308642,199,432,8,High Volume, Low CTR,Q4 (Top 25% Volume),Q1 (Bottom 25% CTR)
paddle ,2852,0.0392706872,0.0035063114,11.7857142857,881,112,10,Low Performing,Q1 (Bottom 25% Volume),Q1 (Bottom 25% CTR),
dart,6194,0.0397158541,0.0058120762,1.8749322493,484,246,36,High Volume, Low CTR,Q3 (50-75% Volume),Q1 (Bottom 25% CTR)
back,5577,0.0407028869,0.0025103102,7.0556534508,1437,227,14,High Volume, Low CTR,Q3 (50-75% Volume),Q1 (Bottom 25% CTR)
horse,11280,0.0408687943,8.86524822695035e-05,172.7884309472,1866,461,1,High Volume, Low CTR,Q4 (Top 25% Volume),Q1 (Bottom 25% CTR)
walking pad,8170,0.0408812729,0.0028151775,12.796257485,320,334,23,High Volume, Low CTR,Q4 (Top 25% Volume),Q1 (Bottom 25% CTR)
bad,4161,0.0418168709,0.0079307859,1.408045977,728,174,33,Low Performing,Q2 (25-50% Volume),Q1 (Bottom 25% CTR),
dry,2538,0.0437352246,0.0019700552,5.1666666667,1119,111,5,Low Performing,Q1 (Bottom 25% Volume),Q1 (Bottom 25% CTR),
karate,2826,0.0445859873,0.0116772824,1.6349206349,295,126,33,Low Performing,Q1 (Bottom 25% Volume),Q1 (Bottom 25% CTR),
netball shoes,3500,0.0448571429,0.0002857143,10.4246284501,146,157,1,Low Performing,Q2 (25-50% Volume),Q1 (Bottom 25% CTR),
golf clubs,3199,0.0465770553,0.0,29.82957814,272,149,0,Low Performing,Q2 (25-50% Volume),Q1 (Bottom 25% CTR),
sleep,3435,0.0465793304,0.0040756914,15.2260416667,231,160,14,Low Performing,Q2 (25-50% Volume),Q1 (Bottom 25% CTR),
judo,2401,0.0478967097,0.012911287,1.7434782609,282,115,31,Low Performing,Q1 (Bottom 25% Volume),Q1 (Bottom 25% CTR),
sleeping ,2796,0.0515021459,0.0042918455,11.6493055556,175,144,12,Low Performing,Q1 (Bottom 25% Volume),Q1 (Bottom 25% CTR),
sock,3346,0.0552898984,0.0050806934,16.736036036,1305,185,17,Low Performing,Q2 (25-50% Volume),Q1 (Bottom 25% CTR),
weight ,3156,0.0557667934,0.0012674271,33.6047348485,453,176,4,Low Performing,Q2 (25-50% Volume),Q1 (Bottom 25% CTR),
float,3088,0.0569948187,0.0,51.7320075758,908,176,0,Low Performing,Q2 (25-50% Volume),Q1 (Bottom 25% CTR),
base,3765,0.0573705179,0.0045152722,13.0137345679,1224,216,17,Low Performing,Q2 (25-50% Volume),Q1 (Bottom 25% CTR),
life ,2437,0.0574476816,0.0073861305,3.0785714286,407,140,18,Low Performing,Q1 (Bottom 25% Volume),Q1 (Bottom 25% CTR),
shin,2456,0.0582247557,0.0020358306,12.0058275058,208,143,5,Low Performing,Q1 (Bottom 25% Volume),Q1 (Bottom 25% CTR),
<empty search> ,5605,0.0613013085,0.0007169744,37.8230994152,40736,342,4,High Volume, Low CTR,Q3 (50-75% Volume),Q1 (Bottom 25% CTR)
micro,4024,0.0613817097,0.0019880716,12.3055330634,291,247,8,Low Performing,Q2 (25-50% Volume),Q1 (Bottom 25% CTR),
kettle,9922,0.0654101996,0.003829873,4.1589625064,79,649,38,High Volume, Low CTR,Q4 (Top 25% Volume),Q1 (Bottom 25% CTR)
paddle,15039,0.0656958574,0.0036571581,6.4963900135,1008,988,55,High Volume, Low CTR,Q4 (Top 25% Volume),Q1 (Bottom 25% CTR)
waterproof ,11262,0.0665068372,0.001509501,40.3420375315,2029,749,17,High Volume, Low CTR,Q4 (Top 25% Volume),Q1 (Bottom 25% CTR)
fleece ,2764,0.0665701881,0.0018089725,29.6001164596,1906,184,5,Low Performing,Q1 (Bottom 25% Volume),Q1 (Bottom 25% CTR),
short,2499,0.0672268908,0.0028011204,20.0928571429,4103,168,7,Low Performing,Q1 (Bottom 25% Volume),Q1 (Bottom 25% CTR),
raincoat,5896,0.0673337856,0.0008480326,34.1869017632,573,397,5,High Volume, Low CTR,Q3 (50-75% Volume),Q1 (Bottom 25% CTR)
air,2979,0.0681436724,0.0080563948,4.9113300493,1323,203,24,Low Performing,Q1 (Bottom 25% Volume),Q1 (Bottom 25% CTR),
luggage,5029,0.0689998012,0.0017896202,39.2407300672,2028,347,9,High Volume, Low CTR,Q3 (50-75% Volume),Q1 (Bottom 25% CTR)
punch,3041,0.0697139099,0.0036172312,13.0312893082,124,212,11,Low Performing,Q1 (Bottom 25% Volume),Q1 (Bottom 25% CTR),
life,3505,0.0713266762,0.0102710414,4.6048666667,770,250,36,Low Performing,Q2 (25-50% Volume),Q1 (Bottom 25% CTR),
walking,4638,0.0713669685,0.0012936611,55.6865558912,3459,331,6,High Volume, Low CTR,Q3 (50-75% Volume),Q1 (Bottom 25% CTR)
cargo,3309,0.0725294651,0.0003022061,8.415,135,240,1,Low Performing,Q2 (25-50% Volume),Q1 (Bottom 25% CTR),
swim shorts,8746,0.0739766751,0.0019437457,8.1608964451,62,647,17,High Volume, Low CTR,Q4 (Top 25% Volume),Q1 (Bottom 25% CTR)
water ,2671,0.0741295395,0.0089853987,6.0984848485,993,198,24,Low Performing,Q1 (Bottom 25% Volume),Q1 (Bottom 25% CTR),
weight,16116,0.0762596178,0.0035368578,30.7200976404,718,1229,57,High Volume, Low CTR,Q4 (Top 25% Volume),Q1 (Bottom 25% CTR)
swim vest,4794,0.0763454318,0.0012515645,22.4795992714,292,366,6,High Volume, Low CTR,Q3 (50-75% Volume),Q1 (Bottom 25% CTR)
thermal top,2877,0.0775112965,0.0031282586,16.6476083707,248,223,9,Low Performing,Q1 (Bottom 25% Volume),Q1 (Bottom 25% CTR),
boots,18134,0.0786368148,0.0009374655,66.0942340658,2306,1426,17,High Volume, Low CTR,Q4 (Top 25% Volume),Q1 (Bottom 25% CTR)
rain,5563,0.0794535323,0.0025166277,23.0281297134,2554,442,14,High Volume, Low CTR,Q3 (50-75% Volume),Q1 (Bottom 25% CTR)
water,8236,0.08135017,0.0078921807,14.7769900498,3434,670,65,High Volume, Low CTR,Q4 (Top 25% Volume),Q1 (Bottom 25% CTR)
swim,13259,0.0828116751,0.0041481258,70.456952034,4592,1098,55,High Volume, Low CTR,Q4 (Top 25% Volume),Q1 (Bottom 25% CTR)
pool,4970,0.0830985915,0.0006036217,35.5341000807,564,413,3,High Volume, Low CTR,Q3 (50-75% Volume),Q1 (Bottom 25% CTR)
glasses,4883,0.085807905,0.0016383371,22.2071599045,121,419,8,High Volume, Low CTR,Q3 (50-75% Volume),Q1 (Bottom 25% CTR)
rain coat,5101,0.0872377965,0.00117624,35.9281835206,693,445,6,High Volume, Low CTR,Q3 (50-75% Volume),Q1 (Bottom 25% CTR)
tennis racket,10202,0.0881199765,0.0016663399,23.8920069919,653,899,17,High Volume, Low CTR,Q4 (Top 25% Volume),Q1 (Bottom 25% CTR)
hoodie,6552,0.0882173382,0.0016788767,25.5900615148,609,578,11,High Volume, Low CTR,Q3 (50-75% Volume),Q1 (Bottom 25% CTR)
cool,2616,0.0909785933,0.0103211009,7.8742997199,259,238,27,Low Performing,Q1 (Bottom 25% Volume),Q1 (Bottom 25% CTR),
coat,5044,0.0911974623,0.0003965107,28.1829994824,3834,460,2,High Volume, Low CTR,Q3 (50-75% Volume),Q1 (Bottom 25% CTR)
wet suit,10438,0.0925464648,0.0013412531,20.0616229584,585,966,14,High Volume, Low CTR,Q4 (Top 25% Volume),Q1 (Bottom 25% CTR)
rowing,4483,0.0925719384,0.0031229088,14.1663052209,185,415,14,High Volume, Low CTR,Q3 (50-75% Volume),Q1 (Bottom 25% CTR)
swimsuit,9160,0.093558952,0.0021834061,82.6181558037,1388,857,20,High Volume, Low CTR,Q4 (Top 25% Volume),Q1 (Bottom 25% CTR)
pac a mac,2654,0.0964581763,0.0007535795,27.564453125,557,256,2,Low Performing,Q1 (Bottom 25% Volume),Q1 (Bottom 25% CTR),
box,3177,0.0969468052,0.0022033365,12.2943722944,1635,308,7,Low Performing,Q2 (25-50% Volume),Q1 (Bottom 25% CTR),
snorkel ,2477,0.0972951151,0.0012111425,15.0008298755,73,241,3,Low Performing,Q1 (Bottom 25% Volume),Q1 (Bottom 25% CTR),
goalkeeper,3357,0.0977062854,0.0047661603,49.187804878,573,328,16,Low Performing,Q2 (25-50% Volume),Q1 (Bottom 25% CTR),
skate,3304,0.0986682809,0.0018159806,30.4161444639,1634,326,6,Low Performing,Q2 (25-50% Volume),Q1 (Bottom 25% CTR),
waterproof,21246,0.1013367222,0.0036242116,32.5462706437,1978,2153,77,High Volume, Low CTR,Q4 (Top 25% Volume),Q1 (Bottom 25% CTR)
fleece,31685,0.1042449108,0.0036294777,22.1561197923,1931,3303,115,High Volume, Low CTR,Q4 (Top 25% Volume),Q1 (Bottom 25% CTR)
ski boots,11392,0.1043714888,0.0020189607,14.735884009,118,1189,23,High Volume, Low CTR,Q4 (Top 25% Volume),Q1 (Bottom 25% CTR)
wellington boots,4140,0.1048309179,0.0028985507,48.3183289445,346,434,12,Low Performing,Q2 (25-50% Volume),Q1 (Bottom 25% CTR),
matt,2485,0.1054325956,0.0044265594,14.3678329092,891,262,11,Low Performing,Q1 (Bottom 25% Volume),Q1 (Bottom 25% CTR),
jacket,10378,0.1057043746,0.0015417229,21.0752176265,3802,1097,16,High Volume, Low CTR,Q4 (Top 25% Volume),Q1 (Bottom 25% CTR)
underwear,2376,0.1060606061,0.0042087542,16.8681216931,355,252,10,Low Performing,Q1 (Bottom 25% Volume),Q1 (Bottom 25% CTR),
shirt,2853,0.106554504,0.0024535577,41.0855263158,4027,304,7,Low Performing,Q1 (Bottom 25% Volume),Q1 (Bottom 25% CTR),
wet suits,2851,0.1073307611,0.0010522624,25.877124183,583,306,3,Low Performing,Q1 (Bottom 25% Volume),Q1 (Bottom 25% CTR),
swimming trunks,2591,0.1080663836,0.0007719027,30.2641581633,174,280,2,Low Performing,Q1 (Bottom 25% Volume),Q1 (Bottom 25% CTR),
wellington,2745,0.10856102,0.0021857923,33.3518456376,496,298,6,Low Performing,Q1 (Bottom 25% Volume),Q1 (Bottom 25% CTR),
rope,4942,0.1094698503,0.0012140834,24.5373998768,232,541,6,High Volume, Low CTR,Q3 (50-75% Volume),Q1 (Bottom 25% CTR)
beach shoes,7289,0.1103031966,0.0017835094,19.3934701493,84,804,13,High Volume, Low CTR,Q3 (50-75% Volume),Q1 (Bottom 25% CTR)
bib,2947,0.1109602986,0.0088225314,8.2714067278,188,327,26,Low Performing,Q1 (Bottom 25% Volume),Q1 (Bottom 25% CTR),
electric scooter,6614,0.1109934977,0.0001512173,18.2742960945,72,734,1,High Volume, Low CTR,Q3 (50-75% Volume),Q1 (Bottom 25% CTR)
travel,4036,0.1112487611,0.0027254708,67.9932442465,437,449,11,Low Performing,Q2 (25-50% Volume),Q1 (Bottom 25% CTR),
net,2684,0.1114008942,0.0029806259,30.6868530021,836,299,8,Low Performing,Q1 (Bottom 25% Volume),Q1 (Bottom 25% CTR),
hydration,3396,0.1118963486,0.0020612485,17.0567042607,78,380,7,Low Performing,Q2 (25-50% Volume),Q1 (Bottom 25% CTR),
running shoes,10889,0.1120499633,0.0011021308,34.1036891751,2203,1220,12,High Volume, Low CTR,Q4 (Top 25% Volume),Q1 (Bottom 25% CTR)
thermal ,3769,0.1122313611,0.0082249934,13.8846054261,786,423,31,Low Performing,Q2 (25-50% Volume),Q1 (Bottom 25% CTR),
camping gas,3011,0.1129192959,0.0019926935,36.552745098,152,340,6,Low Performing,Q1 (Bottom 25% Volume),Q1 (Bottom 25% CTR),
snow boot,3131,0.113382306,0.0051101884,11.8130943235,118,355,16,Low Performing,Q2 (25-50% Volume),Q1 (Bottom 25% CTR),
golf shoes,5534,0.1134803036,0.0010842067,30.5279193206,277,628,6,High Volume, Low CTR,Q3 (50-75% Volume),Q1 (Bottom 25% CTR)
ball,7406,0.1145017553,0.0029705644,39.3811601527,2552,848,22,High Volume, Low CTR,Q3 (50-75% Volume),Q1 (Bottom 25% CTR)
bike seat,4968,0.1163446055,0.0040257649,21.9960495963,250,578,20,High Volume, Low CTR,Q3 (50-75% Volume),Q1 (Bottom 25% CTR)
torch,7799,0.1166816258,0.0032055392,14.4479726684,1937,910,25,High Volume, Low CTR,Q4 (Top 25% Volume),Q1 (Bottom 25% CTR)
badminton shoes,2506,0.1189146049,0.0011971269,11.034647651,88,298,3,Low Performing,Q1 (Bottom 25% Volume),Q2 (25-50% CTR),
snorkel,21815,0.1203300481,0.0040339216,19.4808471655,113,2625,88,High Volume, Low CTR,Q4 (Top 25% Volume),Q2 (25-50% CTR)
snow,6477,0.1216612629,0.0074108384,37.2330231246,1510,788,48,High Volume, Low CTR,Q3 (50-75% Volume),Q2 (25-50% CTR)
tennis rackets,3908,0.121801433,0.0010235415,28.6659663866,571,476,4,Low Performing,Q2 (25-50% Volume),Q2 (25-50% CTR),
waterproof jacket ,2544,0.1218553459,0.0003930818,37.1436200717,944,310,1,Low Performing,Q1 (Bottom 25% Volume),Q2 (25-50% CTR),
quechua ,3291,0.1221513218,0.000911577,97.3514510779,1766,402,3,Low Performing,Q2 (25-50% Volume),Q2 (25-50% CTR),
hat,18894,0.1221551815,0.0039695141,30.2766939011,655,2308,75,High Volume, Low CTR,Q4 (Top 25% Volume),Q2 (25-50% CTR)
hand weights,2435,0.1223819302,0.0073921971,30.3998881432,183,298,18,Low Performing,Q1 (Bottom 25% Volume),Q2 (25-50% CTR),
flip flops,4228,0.1225165563,0.006859035,30.7992921493,466,518,29,Low Performing,Q2 (25-50% Volume),Q2 (25-50% CTR),
ski googles,2974,0.1244115669,0.0097511769,12.718037323,91,370,29,Low Performing,Q1 (Bottom 25% Volume),Q2 (25-50% CTR),
back pack,7706,0.1250973268,0.0020763042,60.9022908022,858,964,16,High Volume, Low CTR,Q3 (50-75% Volume),Q2 (25-50% CTR)
merino ,2777,0.1263953907,0.0057616133,18.1255777145,217,351,16,Low Performing,Q1 (Bottom 25% Volume),Q2 (25-50% CTR),
travel bag,3332,0.1269507803,0.0024009604,28.4399527187,249,423,8,Low Performing,Q2 (25-50% Volume),Q2 (25-50% CTR),
treadmill ,4534,0.1285840318,0.0002205558,12.9723052629,141,583,1,High Volume, Low CTR,Q3 (50-75% Volume),Q2 (25-50% CTR)
scooter ,4283,0.1286481438,0.0016343684,20.1307060755,980,551,7,Low Performing,Q2 (25-50% Volume),Q2 (25-50% CTR),
cycle,6520,0.1294478528,0.0018404908,20.4507842473,7437,844,12,High Volume, Low CTR,Q3 (50-75% Volume),Q2 (25-50% CTR)
walking shoes,14284,0.1295855503,0.0018902268,28.1637158807,1559,1851,27,High Volume, Low CTR,Q4 (Top 25% Volume),Q2 (25-50% CTR)
badminton racket,6252,0.1300383877,0.0031989763,19.1707264957,421,813,20,High Volume, Low CTR,Q3 (50-75% Volume),Q2 (25-50% CTR)
inflatable,5382,0.1308063917,0.0022296544,66.5371685606,483,704,12,High Volume, Low CTR,Q3 (50-75% Volume),Q2 (25-50% CTR)
mask,4513,0.1309550188,0.0008863284,21.0500564016,244,591,4,High Volume, Low CTR,Q3 (50-75% Volume),Q2 (25-50% CTR)
black trainers,3322,0.1312462372,0.0042143287,34.0187035824,1194,436,14,Low Performing,Q2 (25-50% Volume),Q2 (25-50% CTR),
t shirt,5347,0.131288573,0.0086029549,20.3910968661,4002,702,46,High Volume, Low CTR,Q3 (50-75% Volume),Q2 (25-50% CTR)
boot bag,3329,0.1324722139,0.0105136678,9.8767951625,21,441,35,Low Performing,Q2 (25-50% Volume),Q2 (25-50% CTR),
tennis shoes,5788,0.1325155494,0.002073255,20.8652216428,361,767,12,High Volume, Low CTR,Q3 (50-75% Volume),Q2 (25-50% CTR)
sleeping,4023,0.1334824758,0.0091971166,19.1275826904,201,537,37,Low Performing,Q2 (25-50% Volume),Q2 (25-50% CTR),
shorts,31597,0.1338228778,0.0032284611,24.4441433527,1559,4228,102,High Volume, Low CTR,Q4 (Top 25% Volume),Q2 (25-50% CTR)
water shoes,27502,0.1346447531,0.0036360992,17.5895332613,121,3703,100,High Volume, Low CTR,Q4 (Top 25% Volume),Q2 (25-50% CTR)
dog,5037,0.1350009927,0.0033750248,78.1874509804,576,680,17,High Volume, Low CTR,Q3 (50-75% Volume),Q2 (25-50% CTR)
compression,4371,0.1352093342,0.0064058568,34.192728225,259,591,28,Low Performing,Q2 (25-50% Volume),Q2 (25-50% CTR),
belt,5640,0.1358156028,0.0030141844,23.6537330598,645,766,17,High Volume, Low CTR,Q3 (50-75% Volume),Q2 (25-50% CTR)
walking boots,34268,0.1361911988,0.0030057196,24.4408024427,382,4667,103,High Volume, Low CTR,Q4 (Top 25% Volume),Q2 (25-50% CTR)
balance,3280,0.1362804878,0.0079268293,13.0013049963,159,447,26,Low Performing,Q2 (25-50% Volume),Q2 (25-50% CTR),
rain jacket,7019,0.1363442086,0.0018521157,28.8886363636,654,957,13,High Volume, Low CTR,Q3 (50-75% Volume),Q2 (25-50% CTR)
skirt,3295,0.1368740516,0.002124431,17.9179970436,145,451,7,Low Performing,Q2 (25-50% Volume),Q2 (25-50% CTR),
step,4430,0.137020316,0.0036117381,8.8831685887,167,607,16,High Volume, Low CTR,Q3 (50-75% Volume),Q2 (25-50% CTR)
helmet,26232,0.1372369625,0.0028972248,17.6776342593,650,3600,76,High Volume, Low CTR,Q4 (Top 25% Volume),Q2 (25-50% CTR)
holdall,4329,0.1374451374,0.0011550012,24.3592436975,225,595,5,Low Performing,Q2 (25-50% Volume),Q2 (25-50% CTR),
bag,33342,0.1375142463,0.0036590486,30.4598873137,2599,4585,122,High Volume, Low CTR,Q4 (Top 25% Volume),Q2 (25-50% CTR)
rucksack ,4074,0.1381934217,0.000736377,31.9146240379,865,563,3,Low Performing,Q2 (25-50% Volume),Q2 (25-50% CTR),
walking boots ,2566,0.1383476228,0.0007794232,37.740945674,397,355,2,Low Performing,Q1 (Bottom 25% Volume),Q2 (25-50% CTR),
under armour,3515,0.1388335704,0.0051209104,36.9098070873,180,488,18,Low Performing,Q2 (25-50% Volume),Q2 (25-50% CTR),
snorkel mask,3091,0.140731155,0.0054998382,4.6230651341,21,435,17,Low Performing,Q2 (25-50% Volume),Q2 (25-50% CTR),
knee,3862,0.1408596582,0.0098394614,14.6457676821,312,544,38,Low Performing,Q2 (25-50% Volume),Q2 (25-50% CTR),
waterproof shoes,4685,0.1410885806,0.0008537887,34.1091527988,286,661,4,High Volume, Low CTR,Q3 (50-75% Volume),Q2 (25-50% CTR)
trampoline ,2559,0.1426338413,0.0007815553,15.9680365297,144,365,2,Low Performing,Q1 (Bottom 25% Volume),Q2 (25-50% CTR),
ski jackets,3477,0.1426517112,0.0008628128,23.3719254032,272,496,3,Low Performing,Q2 (25-50% Volume),Q2 (25-50% CTR),
awning,8819,0.1434402994,0.001247307,32.5781065312,213,1265,11,High Volume, Low CTR,Q4 (Top 25% Volume),Q2 (25-50% CTR)
football net,4127,0.1453840562,0.0007269203,14.6065555556,496,600,3,Low Performing,Q2 (25-50% Volume),Q2 (25-50% CTR),
treadmill,30808,0.1453843158,0.0031160737,12.3847911949,142,4479,96,High Volume, Low CTR,Q4 (Top 25% Volume),Q2 (25-50% CTR)
btwin bike,2666,0.1459114779,0.0026256564,21.1210368466,4677,389,7,Low Performing,Q1 (Bottom 25% Volume),Q2 (25-50% CTR),
watch,11755,0.146065504,0.0024670353,16.4143786227,212,1717,29,High Volume, Low CTR,Q4 (Top 25% Volume),Q2 (25-50% CTR)
mat,13774,0.1471613184,0.0052272397,17.3924483755,1291,2027,72,High Volume, Low CTR,Q4 (Top 25% Volume),Q2 (25-50% CTR)
fishing rod,6719,0.1473433547,0.001339485,31.0415993266,578,990,9,High Volume, Low CTR,Q3 (50-75% Volume),Q2 (25-50% CTR)
yoga mats,2367,0.147444022,0.0038022814,24.6462645282,236,349,9,Low Performing,Q1 (Bottom 25% Volume),Q2 (25-50% CTR),
dumbbell,7921,0.1474561293,0.0045448807,28.5506135845,219,1168,36,High Volume, Low CTR,Q4 (Top 25% Volume),Q2 (25-50% CTR)
kids bikes,8122,0.147623738,0.0012312238,24.8897718999,939,1199,10,High Volume, Low CTR,Q4 (Top 25% Volume),Q2 (25-50% CTR)
table,12279,0.1476504601,0.0033390341,16.6819727891,154,1813,41,High Volume, Low CTR,Q4 (Top 25% Volume),Q2 (25-50% CTR)
bike rack,7095,0.147850599,0.0045102185,15.6264813806,163,1049,32,High Volume, Low CTR,Q3 (50-75% Volume),Q2 (25-50% CTR)
gift card,5460,0.1481684982,0.0428571429,1.1984960857,7,809,234,High Volume, Low CTR,Q3 (50-75% Volume),Q2 (25-50% CTR)
gym bag,8023,0.1481989281,0.0038638913,9.3646401538,128,1189,31,High Volume, Low CTR,Q4 (Top 25% Volume),Q2 (25-50% CTR)
knife,4074,0.1489936181,0.000981836,3.3868753432,33,607,4,Low Performing,Q2 (25-50% Volume),Q2 (25-50% CTR),
gas,9915,0.149369642,0.0065557237,14.2778640558,160,1481,65,High Volume, Low CTR,Q4 (Top 25% Volume),Q2 (25-50% CTR)
down,3205,0.1500780031,0.0024960998,17.7976091476,439,481,8,Low Performing,Q2 (25-50% Volume),Q2 (25-50% CTR),
second life  bikes?,3397,0.1501324698,0.001471887,39.118496732,138,510,5,Low Performing,Q2 (25-50% Volume),Q2 (25-50% CTR),
bra,3948,0.1502026342,0.0027862209,24.054334297,1491,593,11,Low Performing,Q2 (25-50% Volume),Q2 (25-50% CTR),
waterproof jacket,19572,0.1506233395,0.0053137135,26.1670389933,899,2948,104,High Volume, Low CTR,Q4 (Top 25% Volume),Q2 (25-50% CTR)
ski goggles,25061,0.1510713858,0.0033119189,13.29590525,94,3786,83,High Volume, Low CTR,Q4 (Top 25% Volume),Q2 (25-50% CTR)
rugby boots,8117,0.1511642232,0.0023407663,23.0972924024,134,1227,19,High Volume, Low CTR,Q4 (Top 25% Volume),Q2 (25-50% CTR)
trolley,8202,0.1514264813,0.0034138015,6.1490740741,417,1242,28,High Volume, Low CTR,Q4 (Top 25% Volume),Q2 (25-50% CTR)
lock,3677,0.1514821866,0.0087027468,20.3302214243,482,557,32,Low Performing,Q2 (25-50% Volume),Q2 (25-50% CTR),
scooter,33954,0.1517052483,0.0017670967,17.0115275813,985,5151,60,High Volume, Low CTR,Q4 (Top 25% Volume),Q2 (25-50% CTR)
bike helmet,9451,0.1518357846,0.0024336049,15.1614650738,278,1435,23,High Volume, Low CTR,Q4 (Top 25% Volume),Q2 (25-50% CTR)
puma,2662,0.1521412472,0.005634861,93.4147119342,773,405,15,Low Performing,Q1 (Bottom 25% Volume),Q2 (25-50% CTR),
running leggings,3082,0.152173913,0.0074626866,14.5490405117,369,469,23,Low Performing,Q1 (Bottom 25% Volume),Q2 (25-50% CTR),
waterproof trousers ,3810,0.1522309711,0.0023622047,14.9499876847,213,580,9,Low Performing,Q2 (25-50% Volume),Q2 (25-50% CTR),
swim suit,4128,0.1533430233,0.0113856589,60.4394418115,1333,633,47,Low Performing,Q2 (25-50% Volume),Q2 (25-50% CTR),
ski jacket,20401,0.1534238518,0.0031861183,20.589362737,285,3130,65,High Volume, Low CTR,Q4 (Top 25% Volume),Q2 (25-50% CTR)
running shorts,20393,0.1542195852,0.0028931496,11.3467494959,222,3145,59,High Volume, Low CTR,Q4 (Top 25% Volume),Q2 (25-50% CTR)
swimming goggles,9236,0.1545041143,0.0046556951,20.331803317,437,1427,43,High Volume, Low CTR,Q4 (Top 25% Volume),Q2 (25-50% CTR)
walking socks,6835,0.15493782,0.0070226774,12.1368991411,216,1059,48,High Volume, Low CTR,Q3 (50-75% Volume),Q2 (25-50% CTR)
tennis ball,4238,0.1554978764,0.0073147711,13.2533383915,556,659,31,Low Performing,Q2 (25-50% Volume),Q2 (25-50% CTR),
kids goggles,3045,0.1559934319,0.0078817734,13.5898245614,185,475,24,Low Performing,Q1 (Bottom 25% Volume),Q2 (25-50% CTR),
vest,8607,0.1566167073,0.0036017195,23.7029302671,728,1348,31,High Volume, Low CTR,Q4 (Top 25% Volume),Q2 (25-50% CTR)
rash vest,18367,0.1573474166,0.0043556378,12.6950041193,282,2890,80,High Volume, Low CTR,Q4 (Top 25% Volume),Q2 (25-50% CTR)
hiking boots,19425,0.1575289575,0.0054568855,29.8380586679,682,3060,106,High Volume, Low CTR,Q4 (Top 25% Volume),Q2 (25-50% CTR)
walking trousers,12791,0.1581580799,0.002501759,13.3570120205,98,2023,32,High Volume, Low CTR,Q4 (Top 25% Volume),Q2 (25-50% CTR)
thermal socks,5458,0.1586661781,0.0106266032,15.0969976905,153,866,58,High Volume, Low CTR,Q3 (50-75% Volume),Q2 (25-50% CTR)
bike locks,2365,0.1589852008,0.0021141649,29.1447251773,332,376,5,Low Performing,Q1 (Bottom 25% Volume),Q2 (25-50% CTR),
squash racket,4574,0.1602536073,0.0067774377,22.3308776717,324,733,31,High Volume, Low CTR,Q3 (50-75% Volume),Q2 (25-50% CTR)
running top,6414,0.1605862176,0.0116931712,19.1083549083,771,1030,75,High Volume, Low CTR,Q3 (50-75% Volume),Q2 (25-50% CTR)
smart watch,2792,0.1611747851,0.0050143266,31.8648888889,211,450,14,Low Performing,Q1 (Bottom 25% Volume),Q2 (25-50% CTR),
itiwit kayak,2648,0.1612537764,0.003021148,25.5355191257,179,427,8,Low Performing,Q1 (Bottom 25% Volume),Q2 (25-50% CTR),
kids bike,12994,0.1622287209,0.0016930891,24.6687260926,967,2108,22,High Volume, Low CTR,Q4 (Top 25% Volume),Q2 (25-50% CTR)
camping mat,10554,0.1627818836,0.0026530226,20.7082210766,167,1718,28,High Volume, Low CTR,Q4 (Top 25% Volume),Q2 (25-50% CTR)
kayak ,4785,0.162800418,0.0010449321,19.8687847668,607,779,5,High Volume, Low CTR,Q3 (50-75% Volume),Q2 (25-50% CTR)
trampoline,14258,0.163346893,0.0028054426,13.7607914699,145,2329,40,High Volume, Low CTR,Q4 (Top 25% Volume),Q2 (25-50% CTR)
thermal,21808,0.1635179751,0.0107300073,15.4628558743,1245,3566,234,High Volume, Low CTR,Q4 (Top 25% Volume),Q2 (25-50% CTR)
sleeping mat,15640,0.1636189258,0.0028772379,17.302319629,92,2559,45,High Volume, Low CTR,Q4 (Top 25% Volume),Q2 (25-50% CTR)
sleeping bags,14086,0.1636376544,0.0011358796,19.7196376924,197,2305,16,High Volume, Low CTR,Q4 (Top 25% Volume),Q2 (25-50% CTR)
rucksack,27427,0.1639625187,0.00258869,28.2459003293,873,4497,71,High Volume, Low CTR,Q4 (Top 25% Volume),Q2 (25-50% CTR)
beach,9012,0.1643364403,0.0035508211,69.2478880636,851,1481,32,High Volume, Low CTR,Q4 (Top 25% Volume),Q2 (25-50% CTR)
tape,3787,0.1645101664,0.0063374703,12.171203088,320,623,24,Low Performing,Q2 (25-50% Volume),Q2 (25-50% CTR),
glove,5671,0.1645212485,0.0245106683,20.4283862975,1889,933,139,High Volume, Low CTR,Q3 (50-75% Volume),Q2 (25-50% CTR)
electric bike,11055,0.1647218453,0.0009045681,18.658830836,262,1821,10,High Volume, Low CTR,Q4 (Top 25% Volume),Q2 (25-50% CTR)
running socks,18494,0.1647561371,0.008327025,12.2138178281,262,3047,154,High Volume, Low CTR,Q4 (Top 25% Volume),Q2 (25-50% CTR)
quechua,32182,0.1653408738,0.0047542104,75.4820488898,1673,5321,153,High Volume, Low CTR,Q4 (Top 25% Volume),Q2 (25-50% CTR)
exercise bike,6567,0.1653723161,0.002284148,14.3745089012,6997,1086,15,High Volume, Low CTR,Q3 (50-75% Volume),Q2 (25-50% CTR)
hockey stick,5401,0.1655249028,0.0064802814,16.9490079365,254,894,35,High Volume, Low CTR,Q3 (50-75% Volume),Q2 (25-50% CTR)
kids football,3578,0.1657350475,0.0136948016,42.9302738296,1283,593,49,Low Performing,Q2 (25-50% Volume),Q2 (25-50% CTR),
kids shoes,2367,0.1660329531,0.007182087,40.2685326548,940,393,17,Low Performing,Q1 (Bottom 25% Volume),Q2 (25-50% CTR),
cap,16175,0.1661823802,0.0029057187,27.9895563173,3569,2688,47,High Volume, Low CTR,Q4 (Top 25% Volume),Q2 (25-50% CTR)
waterproof trainers,2570,0.166536965,0.0050583658,24.8472352025,165,428,13,Low Performing,Q1 (Bottom 25% Volume),Q2 (25-50% CTR),
shin pads,9374,0.1666311073,0.0051205462,8.2627896165,79,1562,48,High Volume, Low CTR,Q4 (Top 25% Volume),Q2 (25-50% CTR)
light,4253,0.1667058547,0.0061133318,16.3317919269,7227,709,26,Low Performing,Q2 (25-50% Volume),Q2 (25-50% CTR),
yoga mat,24808,0.1672444373,0.0045146727,19.9331412809,246,4149,112,High Volume, Low CTR,Q4 (Top 25% Volume),Q2 (25-50% CTR)
gazebo,12446,0.168005785,0.0011248594,26.2724932249,163,2091,14,High Volume, Low CTR,Q4 (Top 25% Volume),Q2 (25-50% CTR)
life jackets,4986,0.1686722824,0.0018050542,8.131450654,72,841,9,High Volume, Low CTR,Q3 (50-75% Volume),Q2 (25-50% CTR)
brake pads,3107,0.1689732861,0.0074026392,16.6100952381,177,525,23,Low Performing,Q2 (25-50% Volume),Q2 (25-50% CTR),
boat,5807,0.169450663,0.0006888238,42.8803595625,1440,984,4,High Volume, Low CTR,Q3 (50-75% Volume),Q2 (25-50% CTR)
e bike,9096,0.169525066,0.0006596306,13.2547557285,241,1542,6,High Volume, Low CTR,Q4 (Top 25% Volume),Q2 (25-50% CTR)
football boots,37369,0.1695790629,0.0021943322,35.1807020246,572,6337,82,High Volume, Low CTR,Q4 (Top 25% Volume),Q2 (25-50% CTR)
football boots ,3112,0.1696658098,0.0,45.1088970058,602,528,0,Low Performing,Q2 (25-50% Volume),Q2 (25-50% CTR),
golf balls,5742,0.1698014629,0.0050505051,11.8935042735,370,975,29,High Volume, Low CTR,Q3 (50-75% Volume),Q2 (25-50% CTR)
mountain bike,12368,0.1700355757,0.0004851229,17.4923457796,4327,2103,6,High Volume, Low CTR,Q4 (Top 25% Volume),Q2 (25-50% CTR)
table tennis table,2830,0.1703180212,0.0038869258,10.7678769018,687,482,11,Low Performing,Q1 (Bottom 25% Volume),Q2 (25-50% CTR),
new balance,4467,0.1705842848,0.0033579584,17.2461473566,72,762,15,High Volume, Low CTR,Q3 (50-75% Volume),Q2 (25-50% CTR)
fishing rods,2852,0.1707573633,0.0003506311,44.3335728953,559,487,1,Low Performing,Q1 (Bottom 25% Volume),Q2 (25-50% CTR),
mens bike,2737,0.1713554987,0.0018268177,32.9572139303,2136,469,5,Low Performing,Q1 (Bottom 25% Volume),Q2 (25-50% CTR),
head torch,11745,0.1713920817,0.0090251171,7.510587351,85,2013,106,High Volume, Low CTR,Q4 (Top 25% Volume),Q2 (25-50% CTR)
waterproof coat,6141,0.1716332845,0.0047223579,45.9016016084,886,1054,29,High Volume, Low CTR,Q3 (50-75% Volume),Q2 (25-50% CTR)
swimming shorts,5610,0.1725490196,0.0078431373,8.3405819559,61,968,44,High Volume, Low CTR,Q3 (50-75% Volume),Q2 (25-50% CTR)
bow,3363,0.1727624145,0.005352364,7.361593312,556,581,18,Low Performing,Q2 (25-50% Volume),Q2 (25-50% CTR),
bottle,5959,0.1728477933,0.0092297365,39.9295041609,645,1030,55,High Volume, Low CTR,Q3 (50-75% Volume),Q2 (25-50% CTR)
gym shorts,2908,0.1729711142,0.0061898212,10.0311133201,192,503,18,Low Performing,Q1 (Bottom 25% Volume),Q2 (25-50% CTR),
pump,16812,0.1733285748,0.0074351654,13.4794857339,293,2914,125,High Volume, Low CTR,Q4 (Top 25% Volume),Q2 (25-50% CTR)
running light,2619,0.1744940817,0.0064910271,8.7430342815,877,457,17,Low Performing,Q1 (Bottom 25% Volume),Q2 (25-50% CTR),
bike lights,8911,0.1745034227,0.0060599259,16.8917777221,263,1555,54,High Volume, Low CTR,Q4 (Top 25% Volume),Q2 (25-50% CTR)
ski wear,2949,0.1753136656,0.00169549,38.3644422953,571,517,5,Low Performing,Q1 (Bottom 25% Volume),Q2 (25-50% CTR),
electric bikes,4738,0.1756015196,0.000422119,21.5616014194,230,832,2,High Volume, Low CTR,Q3 (50-75% Volume),Q2 (25-50% CTR)
gravel bike,9381,0.1762072274,0.0003197953,12.7240121376,293,1653,3,High Volume, Low CTR,Q4 (Top 25% Volume),Q2 (25-50% CTR)
ski helmet,14729,0.1762509335,0.0035983434,9.5144356703,59,2596,53,High Volume, Low CTR,Q4 (Top 25% Volume),Q2 (25-50% CTR)
mudguard,2461,0.1763510768,0.0044697278,12.7444854071,155,434,11,Low Performing,Q1 (Bottom 25% Volume),Q2 (25-50% CTR),
merino socks,2736,0.1769005848,0.0076754386,11.2824970484,88,484,21,Low Performing,Q1 (Bottom 25% Volume),Q2 (25-50% CTR),
rebounder,4489,0.1770995767,0.0062374694,10.5116082659,22,795,28,High Volume, Low CTR,Q3 (50-75% Volume),Q2 (25-50% CTR)
merino,22486,0.177132438,0.006893178,18.9551215683,202,3983,155,High Volume, Low CTR,Q4 (Top 25% Volume),Q2 (25-50% CTR)
road bikes,2973,0.1772620249,0.0010090817,10.977835005,2335,527,3,Low Performing,Q1 (Bottom 25% Volume),Q2 (25-50% CTR),
flask,4635,0.1773462783,0.0101402373,23.9174067315,127,822,47,High Volume, Low CTR,Q3 (50-75% Volume),Q2 (25-50% CTR)
protein,3135,0.1773524721,0.0076555024,17.2145683453,219,556,24,Low Performing,Q2 (25-50% Volume),Q2 (25-50% CTR),
road bike,9959,0.1774274526,0.0009037052,10.7963820842,2709,1767,9,High Volume, Low CTR,Q4 (Top 25% Volume),Q2 (25-50% CTR)
ski trousers,11268,0.1775825346,0.0042598509,12.3917999334,190,2001,48,High Volume, Low CTR,Q4 (Top 25% Volume),Q2 (25-50% CTR)
dance,5245,0.177693041,0.0064823642,47.2673513182,702,932,34,High Volume, Low CTR,Q3 (50-75% Volume),Q2 (25-50% CTR)
chair,20466,0.1777582332,0.0042509528,25.6927867876,360,3638,87,High Volume, Low CTR,Q4 (Top 25% Volume),Q2 (25-50% CTR)
inner tube,7022,0.1780119624,0.0103958986,9.9875807407,138,1250,73,High Volume, Low CTR,Q3 (50-75% Volume),Q2 (25-50% CTR)
cool bag,4913,0.1783024629,0.0012212497,7.7693683409,18,876,6,High Volume, Low CTR,Q3 (50-75% Volume),Q2 (25-50% CTR)
gravel,4811,0.1787570152,0.0029099979,9.7875,94,860,14,High Volume, Low CTR,Q3 (50-75% Volume),Q2 (25-50% CTR)
bike light,4964,0.1788879936,0.0062449637,13.7529212248,3448,888,31,High Volume, Low CTR,Q3 (50-75% Volume),Q2 (25-50% CTR)
sleeping bag ,4274,0.1796911558,0.0007019186,18.6560128348,198,768,3,Low Performing,Q2 (25-50% Volume),Q2 (25-50% CTR),
cycling helmet,3631,0.1801156706,0.0030294685,15.4848369011,272,654,11,Low Performing,Q2 (25-50% Volume),Q2 (25-50% CTR),
inflatable mattress,4336,0.1801199262,0.0032287823,26.8980153649,121,781,14,Low Performing,Q2 (25-50% Volume),Q2 (25-50% CTR),
buoyancy,3040,0.1805921053,0.0023026316,20.7780640125,115,549,7,Low Performing,Q1 (Bottom 25% Volume),Q2 (25-50% CTR),
cycle helmet,4249,0.1812191104,0.0068251353,23.9239734075,288,770,29,Low Performing,Q2 (25-50% Volume),Q2 (25-50% CTR),
bike lock,14155,0.1814906394,0.0074178735,14.2596924873,368,2569,105,High Volume, Low CTR,Q4 (Top 25% Volume),Q2 (25-50% CTR)
swim goggles,5112,0.1819248826,0.0062597809,28.2520071685,420,930,32,High Volume, Low CTR,Q3 (50-75% Volume),Q2 (25-50% CTR)
body board,4592,0.1827090592,0.0023954704,7.9554231228,75,839,11,High Volume, Low CTR,Q3 (50-75% Volume),Q2 (25-50% CTR)
hiking bag,4602,0.1827466319,0.0052151239,27.7240614914,606,841,24,High Volume, Low CTR,Q3 (50-75% Volume),Q2 (25-50% CTR)
goal,14016,0.18293379,0.0057077626,8.175004024,784,2564,80,High Volume, Low CTR,Q4 (Top 25% Volume),Q2 (25-50% CTR)
robe,4925,0.1831472081,0.0024365482,19.6891774892,121,902,12,High Volume, Low CTR,Q3 (50-75% Volume),Q2 (25-50% CTR)
camp beds,3399,0.1835834069,0.0029420418,5.0392876221,26,624,10,Low Performing,Q2 (25-50% Volume),Q2 (25-50% CTR),
padel racket,6228,0.1836865768,0.0054592164,15.5647206329,258,1144,34,High Volume, Low CTR,Q3 (50-75% Volume),Q2 (25-50% CTR)
ski boot,2658,0.183972912,0.0003762227,13.184725874,96,489,1,Low Performing,Q1 (Bottom 25% Volume),Q2 (25-50% CTR),
girls bike,3261,0.1842992947,0.0021465808,30.4761231281,699,601,7,Low Performing,Q2 (25-50% Volume),Q2 (25-50% CTR),
pants,3293,0.1843303978,0.0021257212,21.2417941476,1788,607,7,Low Performing,Q2 (25-50% Volume),Q2 (25-50% CTR),
kettle bell,4450,0.184494382,0.006741573,9.9807957775,66,821,30,High Volume, Low CTR,Q3 (50-75% Volume),Q2 (25-50% CTR)
buoyancy aid,3734,0.1847884306,0.0013390466,19.2431124914,151,690,5,Low Performing,Q2 (25-50% Volume),Q2 (25-50% CTR),
stove,10149,0.1848457976,0.0050251256,14.2682702559,111,1876,51,High Volume, Low CTR,Q4 (Top 25% Volume),Q2 (25-50% CTR)
mountain bikes,4834,0.1859743484,0.0,16.9819442237,4420,899,0,High Volume, Low CTR,Q3 (50-75% Volume),Q2 (25-50% CTR)
kids wellies,3234,0.1861471861,0.0027829314,20.3138150609,113,602,9,Low Performing,Q2 (25-50% Volume),Q2 (25-50% CTR),
waterproof boots,3879,0.1866460428,0.0059293632,30.3450608094,269,724,23,Low Performing,Q2 (25-50% Volume),Q2 (25-50% CTR),
bench,11473,0.1875708184,0.0065370871,12.2349984511,91,2152,75,High Volume, Low CTR,Q4 (Top 25% Volume),Q2 (25-50% CTR)
paddle board ,4941,0.1876138434,0.0018214936,15.109349155,850,927,9,High Volume, Low CTR,Q3 (50-75% Volume),Q2 (25-50% CTR)
gum shield,2546,0.1877454831,0.0090337785,14.6222977685,118,478,23,Low Performing,Q1 (Bottom 25% Volume),Q2 (25-50% CTR),
multi gym,5075,0.1879802956,0.004137931,48.7737695917,216,954,21,High Volume, Low CTR,Q3 (50-75% Volume),Q2 (25-50% CTR)
ski pants,6213,0.1881538709,0.008047642,14.015784757,192,1169,50,High Volume, Low CTR,Q3 (50-75% Volume),Q2 (25-50% CTR)
regatta,6207,0.1886579668,0.0054776865,57.1011955594,2803,1171,34,High Volume, Low CTR,Q3 (50-75% Volume),Q2 (25-50% CTR)
leotard,12288,0.1887207031,0.0056966146,11.2757702075,57,2319,70,High Volume, Low CTR,Q4 (Top 25% Volume),Q2 (25-50% CTR)
snow boots,27904,0.1889334862,0.0069882454,12.7198751415,112,5272,195,High Volume, Low CTR,Q4 (Top 25% Volume),Q2 (25-50% CTR)
walking pole,2387,0.1889400922,0.0037704231,10.0827790096,298,451,9,Low Volume, High CTR,Q1 (Bottom 25% Volume),Q3 (50-75% CTR)
hockey shoes,2368,0.1891891892,0.0021114865,12.0975446429,40,448,5,Low Volume, High CTR,Q1 (Bottom 25% Volume),Q3 (50-75% CTR)
waterproof trousers,33708,0.1898955738,0.0072979708,12.1598880879,207,6401,246,High Performing,Q4 (Top 25% Volume),Q3 (50-75% CTR),
parka,2481,0.1902458686,0.0020153164,15.138700565,3632,472,5,Low Volume, High CTR,Q1 (Bottom 25% Volume),Q3 (50-75% CTR)
kids waterproof,2638,0.1902956785,0.0072024261,39.9114414636,428,502,19,Low Volume, High CTR,Q1 (Bottom 25% Volume),Q3 (50-75% CTR)
tennis balls,12588,0.1904988878,0.0082618367,11.9169620517,590,2398,104,High Performing,Q4 (Top 25% Volume),Q3 (50-75% CTR),
water bottles,3317,0.190835092,0.0051251131,29.2073986309,382,633,17,Low Volume, High CTR,Q2 (25-50% Volume),Q3 (50-75% CTR)
cycling shoes,13885,0.19128556,0.0033129276,10.6957100035,78,2656,46,High Performing,Q4 (Top 25% Volume),Q3 (50-75% CTR),
sleeping bag,89060,0.1921647447,0.0033573249,15.0725367015,199,17114,299,High Performing,Q4 (Top 25% Volume),Q3 (50-75% CTR),
wet shoes,4718,0.1926663841,0.0050869012,25.308275272,117,909,24,High Performing,Q3 (50-75% Volume),Q3 (50-75% CTR),
goalkeeper gloves,2713,0.1927755252,0.0022115739,42.0001752709,471,523,6,Low Volume, High CTR,Q1 (Bottom 25% Volume),Q3 (50-75% CTR)
cycle shoes,2378,0.1934398654,0.0029436501,13.411129776,95,460,7,Low Volume, High CTR,Q1 (Bottom 25% Volume),Q3 (50-75% CTR)
chain,2685,0.1936685289,0.009310987,20.4419871795,491,520,25,Low Volume, High CTR,Q1 (Bottom 25% Volume),Q3 (50-75% CTR)
paddle board,44678,0.1936747392,0.0017234433,12.3141199767,862,8653,77,High Performing,Q4 (Top 25% Volume),Q3 (50-75% CTR),
harness,2508,0.1937799043,0.0055821372,8.9573143249,125,486,14,Low Volume, High CTR,Q1 (Bottom 25% Volume),Q3 (50-75% CTR)
walking poles,9151,0.1938585947,0.0036061633,8.5799108821,340,1774,33,High Performing,Q4 (Top 25% Volume),Q3 (50-75% CTR),
umbrella,5779,0.1939781969,0.0055372902,9.177396882,54,1121,32,High Performing,Q3 (50-75% Volume),Q3 (50-75% CTR),
power bank,2659,0.1940579165,0.0060172997,10.3866009905,31,516,16,Low Volume, High CTR,Q1 (Bottom 25% Volume),Q3 (50-75% CTR)
kayak,49680,0.1943236715,0.0016304348,17.5815371247,1170,9654,81,High Performing,Q4 (Top 25% Volume),Q3 (50-75% CTR),
inflatable kayak,2512,0.1946656051,0.0011942675,14.1719154738,105,489,3,Low Volume, High CTR,Q1 (Bottom 25% Volume),Q3 (50-75% CTR)
camping stove,10012,0.1946664003,0.004194966,15.6752522661,111,1949,42,High Performing,Q4 (Top 25% Volume),Q3 (50-75% CTR),
running gloves,5536,0.1949060694,0.0088511561,3.7053290083,44,1079,49,High Performing,Q3 (50-75% Volume),Q3 (50-75% CTR),
bike stand,5236,0.1957601222,0.0082123759,7.5658234611,343,1025,43,High Performing,Q3 (50-75% Volume),Q3 (50-75% CTR),
canoe,7718,0.1961648095,0.0016843742,18.8763162861,1187,1514,13,High Performing,Q3 (50-75% Volume),Q3 (50-75% CTR),
sea shoes,2959,0.1963501183,0.0043933761,20.9156626506,58,581,13,Low Volume, High CTR,Q1 (Bottom 25% Volume),Q3 (50-75% CTR)
bucket hat,2590,0.1965250965,0.0030888031,15.8738048461,58,509,8,Low Volume, High CTR,Q1 (Bottom 25% Volume),Q3 (50-75% CTR)
cool box,9829,0.197171635,0.0018313155,23.1345528855,145,1938,18,High Performing,Q4 (Top 25% Volume),Q3 (50-75% CTR),
running jacket,9915,0.1975794251,0.0055471508,15.4798445514,190,1959,55,High Performing,Q4 (Top 25% Volume),Q3 (50-75% CTR),
suitcase,9529,0.197607304,0.0034631126,19.9615696836,200,1883,33,High Performing,Q4 (Top 25% Volume),Q3 (50-75% CTR),
kids trainers,6117,0.1979728625,0.0058852379,26.1409873776,404,1211,36,High Performing,Q3 (50-75% Volume),Q3 (50-75% CTR),
bike bag,8811,0.1986153672,0.0028373624,34.0887256236,309,1750,25,High Performing,Q4 (Top 25% Volume),Q3 (50-75% CTR),
golf bag,6526,0.199049954,0.0024517315,14.003958173,228,1299,16,High Performing,Q3 (50-75% Volume),Q3 (50-75% CTR),
duffle bag,8666,0.1990537734,0.0038079852,23.1938487487,209,1725,33,High Performing,Q4 (Top 25% Volume),Q3 (50-75% CTR),
bike pump,9035,0.1993359159,0.0059767571,19.5755598741,147,1801,54,High Performing,Q4 (Top 25% Volume),Q3 (50-75% CTR),
waterproof pants,2598,0.1997690531,0.0092378753,10.8933526012,137,519,24,Low Volume, High CTR,Q1 (Bottom 25% Volume),Q3 (50-75% CTR)
folding bike,9778,0.2003477194,0.0014317856,6.8698208942,133,1959,14,High Performing,Q4 (Top 25% Volume),Q3 (50-75% CTR),
water bottle ,2461,0.20073141,0.0016253555,36.7681029497,393,494,4,Low Volume, High CTR,Q1 (Bottom 25% Volume),Q3 (50-75% CTR)
bike chain,2933,0.2008867667,0.0040927694,24.7001980758,349,589,12,Low Volume, High CTR,Q1 (Bottom 25% Volume),Q3 (50-75% CTR)
shelter,6593,0.2011224025,0.0016684362,21.2972572362,162,1326,11,High Performing,Q3 (50-75% Volume),Q3 (50-75% CTR),
football socks,9795,0.2012251149,0.0108218479,7.0313834328,108,1971,106,High Performing,Q4 (Top 25% Volume),Q3 (50-75% CTR),
pickleball paddle,6095,0.2013125513,0.0068908942,15.636820675,304,1227,42,High Performing,Q3 (50-75% Volume),Q3 (50-75% CTR),
weights bench,2668,0.2016491754,0.0048725637,9.0866923349,43,538,13,Low Volume, High CTR,Q1 (Bottom 25% Volume),Q3 (50-75% CTR)
base layers,7672,0.2017726799,0.0088633994,13.1664290329,374,1548,68,High Performing,Q3 (50-75% Volume),Q3 (50-75% CTR),
knee pads,8314,0.2020687996,0.0061342314,20.6192799363,138,1680,51,High Performing,Q4 (Top 25% Volume),Q3 (50-75% CTR),
bladder,3780,0.2023809524,0.0105820106,11.902962963,89,765,40,Low Volume, High CTR,Q2 (25-50% Volume),Q3 (50-75% CTR)
ski suit,5540,0.2032490975,0.0028880866,17.1202046153,105,1126,16,High Performing,Q3 (50-75% Volume),Q3 (50-75% CTR),
kids helmet,6097,0.203706741,0.0047564376,25.7935690986,252,1242,29,High Performing,Q3 (50-75% Volume),Q3 (50-75% CTR),
carp,2619,0.2038946163,0.0015273005,115.6078161227,1472,534,4,Low Volume, High CTR,Q1 (Bottom 25% Volume),Q3 (50-75% CTR)
mens walking boots,2461,0.2039821211,0.0085331166,25.3902390438,201,502,21,Low Volume, High CTR,Q1 (Bottom 25% Volume),Q3 (50-75% CTR)
football shoes,3916,0.2040347293,0.0035750766,29.4666353776,623,799,14,Low Volume, High CTR,Q2 (25-50% Volume),Q3 (50-75% CTR)
swimming cap,8895,0.2041596402,0.0111298482,17.611238069,462,1816,99,High Performing,Q4 (Top 25% Volume),Q3 (50-75% CTR),
mouth guard,3720,0.2045698925,0.0112903226,13.5443057381,118,761,42,Low Volume, High CTR,Q2 (25-50% Volume),Q3 (50-75% CTR)
pop up tent,7805,0.2047405509,0.000896861,8.9395494368,70,1598,7,High Performing,Q4 (Top 25% Volume),Q3 (50-75% CTR),
aqua shoes,6364,0.2052168448,0.003928347,20.1766079632,88,1306,25,High Performing,Q3 (50-75% Volume),Q3 (50-75% CTR),
table tennis bat,2431,0.2052653229,0.006993007,24.0556191749,244,499,17,Low Volume, High CTR,Q1 (Bottom 25% Volume),Q3 (50-75% CTR)
air beds,3441,0.2057541412,0.0023249056,19.6578524348,153,708,8,Low Volume, High CTR,Q2 (25-50% Volume),Q3 (50-75% CTR)
basketball hoop,9850,0.2059898477,0.0034517766,15.9992208219,128,2029,34,High Performing,Q4 (Top 25% Volume),Q3 (50-75% CTR),
bike bags,3792,0.2062236287,0.00342827,43.7406406041,298,782,13,Low Volume, High CTR,Q2 (25-50% Volume),Q3 (50-75% CTR)
air tent,9263,0.2073842168,0.001403433,10.0072271386,152,1921,13,High Performing,Q4 (Top 25% Volume),Q3 (50-75% CTR),
windbreaker,7353,0.2073983408,0.0051679587,16.6449352069,207,1525,38,High Performing,Q3 (50-75% Volume),Q3 (50-75% CTR),
ski gloves,25596,0.2076496328,0.017385529,11.3417462557,152,5315,445,High Performing,Q4 (Top 25% Volume),Q3 (50-75% CTR),
polo shirt,2741,0.2079533017,0.0091207588,22.5937928154,592,570,25,Low Volume, High CTR,Q1 (Bottom 25% Volume),Q3 (50-75% CTR)
headband,6731,0.2087357005,0.0087654138,20.5564988985,224,1405,59,High Performing,Q3 (50-75% Volume),Q3 (50-75% CTR),
men's shorts,4861,0.2088047727,0.0026743468,21.5255031668,902,1015,13,High Performing,Q3 (50-75% Volume),Q3 (50-75% CTR),
padded shorts,2356,0.2092529711,0.0042444822,14.9326572008,73,493,10,Low Volume, High CTR,Q1 (Bottom 25% Volume),Q3 (50-75% CTR)
chalk,4606,0.2092922275,0.0132435953,5.6980117566,126,964,61,High Performing,Q3 (50-75% Volume),Q3 (50-75% CTR),
running bag,6060,0.2094059406,0.0028052805,8.8361195542,205,1269,17,High Performing,Q3 (50-75% Volume),Q3 (50-75% CTR),
paddle boards,6518,0.2094200675,0.0006136852,15.7353113553,224,1365,4,High Performing,Q3 (50-75% Volume),Q3 (50-75% CTR),
thermal gloves,2997,0.2095428762,0.008675342,15.0183822414,114,628,26,Low Volume, High CTR,Q1 (Bottom 25% Volume),Q3 (50-75% CTR)
neoprene,4215,0.2097271649,0.0049822064,59.7006410256,496,884,21,Low Volume, High CTR,Q2 (25-50% Volume),Q3 (50-75% CTR)
basketball net,2498,0.2097678143,0.0024019215,15.6708424209,520,524,6,Low Volume, High CTR,Q1 (Bottom 25% Volume),Q3 (50-75% CTR)
dry bags,4003,0.209842618,0.0052460655,20.7998441043,111,840,21,Low Volume, High CTR,Q2 (25-50% Volume),Q3 (50-75% CTR)
gym mat,3167,0.2099778971,0.0072623934,16.6009273183,139,665,23,Low Volume, High CTR,Q2 (25-50% Volume),Q3 (50-75% CTR)
climbing shoes,16049,0.2099819303,0.0046108792,5.8410808059,30,3370,74,High Performing,Q4 (Top 25% Volume),Q3 (50-75% CTR),
cooler,5584,0.210243553,0.0030444126,18.3142958546,147,1174,17,High Performing,Q3 (50-75% Volume),Q3 (50-75% CTR),
saddle,4508,0.2102928128,0.0042147294,20.0055203938,295,948,19,High Performing,Q3 (50-75% Volume),Q3 (50-75% CTR),
kip run,2610,0.2111920276,0.0030663089,40.5762768991,368,551,8,Low Volume, High CTR,Q1 (Bottom 25% Volume),Q3 (50-75% CTR)
tennis bag,5200,0.2115384615,0.0046153846,22.7460681818,153,1100,24,High Performing,Q3 (50-75% Volume),Q3 (50-75% CTR),
womens walking boots,2608,0.2124233129,0.0099693252,31.3585818213,178,554,26,Low Volume, High CTR,Q1 (Bottom 25% Volume),Q3 (50-75% CTR)
life vest,6699,0.2133154202,0.0052246604,15.3780923299,155,1429,35,High Performing,Q3 (50-75% Volume),Q3 (50-75% CTR),
merino wool,6328,0.213653603,0.0124841972,16.1363132327,86,1352,79,High Performing,Q3 (50-75% Volume),Q3 (50-75% CTR),
rugby ball,3581,0.2136871508,0.0083798883,15.2689106754,481,765,30,Low Volume, High CTR,Q2 (25-50% Volume),Q3 (50-75% CTR)
base layer,26894,0.2138395181,0.0082174463,11.7171399516,523,5751,221,High Performing,Q4 (Top 25% Volume),Q3 (50-75% CTR),
dumbbell set,3651,0.2139139962,0.0095864147,10.56184379,43,781,35,Low Volume, High CTR,Q2 (25-50% Volume),Q3 (50-75% CTR)
swim bag,7679,0.2139601511,0.0053392369,18.3816338105,184,1643,41,High Performing,Q3 (50-75% Volume),Q3 (50-75% CTR),
pull up,5901,0.2140315201,0.0093204542,8.8481204992,33,1263,55,High Performing,Q3 (50-75% Volume),Q3 (50-75% CTR),
hiking shorts,4282,0.214385801,0.0056048575,13.510620915,187,918,24,Low Volume, High CTR,Q2 (25-50% Volume),Q3 (50-75% CTR)
basketball shoes,3015,0.2145936982,0.0019900498,20.0640023552,147,647,6,Low Volume, High CTR,Q1 (Bottom 25% Volume),Q3 (50-75% CTR)
inflatable bed,3028,0.214663144,0.0049537649,26.1174615385,164,650,15,Low Volume, High CTR,Q1 (Bottom 25% Volume),Q3 (50-75% CTR)
beach towel,3875,0.2147096774,0.0051612903,14.7488882212,231,832,20,Low Volume, High CTR,Q2 (25-50% Volume),Q3 (50-75% CTR)
waterproof bag,9977,0.2150947179,0.0053122181,35.0404074025,250,2146,53,High Performing,Q4 (Top 25% Volume),Q3 (50-75% CTR),
columbia,2429,0.2153149444,0.0086455331,9.7760038241,62,523,21,Low Volume, High CTR,Q1 (Bottom 25% Volume),Q3 (50-75% CTR)
beach tent,7572,0.2155309033,0.0015847861,19.5779995331,162,1632,12,High Performing,Q3 (50-75% Volume),Q3 (50-75% CTR),
mens boots,2430,0.2156378601,0.0098765432,47.9693429662,1350,524,24,Low Volume, High CTR,Q1 (Bottom 25% Volume),Q3 (50-75% CTR)
roof tent,11620,0.2158347676,0.0007745267,7.2982513101,34,2508,9,High Performing,Q4 (Top 25% Volume),Q3 (50-75% CTR),
cross trainer,6253,0.216056293,0.0047976971,8.5344774006,95,1351,30,High Performing,Q3 (50-75% Volume),Q3 (50-75% CTR),
folding chair,2767,0.2168413444,0.0075894471,16.21775,66,600,21,Low Volume, High CTR,Q1 (Bottom 25% Volume),Q3 (50-75% CTR)
sports bra,19205,0.2169747462,0.0069252799,21.0859975098,277,4167,133,High Performing,Q4 (Top 25% Volume),Q3 (50-75% CTR),
towel,37996,0.2173913043,0.0062901358,13.5227368955,330,8260,239,High Performing,Q4 (Top 25% Volume),Q3 (50-75% CTR),
rowing machine,4147,0.2175066313,0.0040993489,6.1918144863,35,902,17,Low Volume, High CTR,Q2 (25-50% Volume),Q3 (50-75% CTR)
thermal leggings,2740,0.2175182482,0.0145985401,7.9785095078,158,596,40,Low Volume, High CTR,Q1 (Bottom 25% Volume),Q3 (50-75% CTR)
blackout tent,2846,0.2178496135,0.0024595924,8.279516129,265,620,7,Low Volume, High CTR,Q1 (Bottom 25% Volume),Q3 (50-75% CTR)
whistle,3182,0.2181018228,0.0204274041,7.6697886647,61,694,65,Low Volume, High CTR,Q2 (25-50% Volume),Q3 (50-75% CTR)
grip socks,6073,0.2185081508,0.0079038367,13.9812191242,95,1327,48,High Performing,Q3 (50-75% Volume),Q3 (50-75% CTR),
life jacket,25645,0.218561123,0.00354845,13.4654305255,166,5605,91,High Performing,Q4 (Top 25% Volume),Q3 (50-75% CTR),
massage,3908,0.2187819857,0.0179119754,19.9666861598,157,855,70,Low Volume, High CTR,Q2 (25-50% Volume),Q3 (50-75% CTR)
swim cap,7423,0.2189141856,0.0154923885,20.4969905739,454,1625,115,High Performing,Q3 (50-75% Volume),Q3 (50-75% CTR),
riding hat,2541,0.2192050374,0.0070838253,8.9918013166,47,557,18,Low Volume, High CTR,Q1 (Bottom 25% Volume),Q3 (50-75% CTR)
bib shorts,6002,0.2195934688,0.0058313895,4.0190945878,27,1318,35,High Performing,Q3 (50-75% Volume),Q3 (50-75% CTR),
water bottle,22830,0.2197109067,0.0113009198,27.9848957147,380,5016,258,High Performing,Q4 (Top 25% Volume),Q3 (50-75% CTR),
waterproof gloves,7084,0.2203557312,0.006916996,12.4879218653,56,1561,49,High Performing,Q3 (50-75% Volume),Q3 (50-75% CTR),
mens fleece,3024,0.2205687831,0.0115740741,32.6455986293,1006,667,35,Low Volume, High CTR,Q1 (Bottom 25% Volume),Q3 (50-75% CTR)
hiking trousers,12209,0.2206568925,0.0085183062,16.9250624551,396,2694,104,High Performing,Q4 (Top 25% Volume),Q3 (50-75% CTR),
swimming float,3110,0.2209003215,0.0118971061,40.6536632703,495,687,37,Low Volume, High CTR,Q2 (25-50% Volume),Q3 (50-75% CTR)
boxing gloves,13443,0.2213791564,0.0044632894,19.6249281185,133,2976,60,High Performing,Q4 (Top 25% Volume),Q3 (50-75% CTR),
shuttlecock,2759,0.2214570497,0.0188474085,9.2538500507,132,611,52,Low Volume, High CTR,Q1 (Bottom 25% Volume),Q3 (50-75% CTR)
pool cue,3236,0.2224969098,0.0052533993,26.4341859992,178,720,17,Low Volume, High CTR,Q2 (25-50% Volume),Q3 (50-75% CTR)
swimming costume,9185,0.2225367447,0.0084921067,36.8060454046,1147,2044,78,High Performing,Q4 (Top 25% Volume),Q3 (50-75% CTR),
camp bed,15551,0.2226866439,0.0039868819,9.9229484941,111,3463,62,High Performing,Q4 (Top 25% Volume),Q3 (50-75% CTR),
surfboard,3379,0.2231429417,0.0023675644,17.8676129426,124,754,8,Low Volume, High CTR,Q2 (25-50% Volume),Q3 (50-75% CTR)
swim float,3981,0.2233107259,0.0095453404,41.9209973753,492,889,38,Low Volume, High CTR,Q2 (25-50% Volume),Q3 (50-75% CTR)
camping chair,25831,0.2238008594,0.0056908366,13.0152892443,71,5781,147,High Performing,Q4 (Top 25% Volume),Q3 (50-75% CTR),
ankle weights,4341,0.2241419028,0.0092144667,6.8611278324,26,973,40,Low Volume, High CTR,Q2 (25-50% Volume),Q3 (50-75% CTR)
compass,3328,0.2244591346,0.0114182692,5.3417670683,36,747,38,Low Volume, High CTR,Q2 (25-50% Volume),Q3 (50-75% CTR)
visor,2402,0.2248126561,0.0108243131,8.5926432981,95,540,26,Low Volume, High CTR,Q1 (Bottom 25% Volume),Q3 (50-75% CTR)
running vest,41038,0.2248647595,0.0036551489,4.418199281,102,9228,150,High Performing,Q4 (Top 25% Volume),Q3 (50-75% CTR),
pannier,12147,0.2251584753,0.0049394912,15.4772941876,154,2735,60,High Performing,Q4 (Top 25% Volume),Q3 (50-75% CTR),
ski socks,27739,0.225963445,0.0326255453,6.1665112355,61,6268,905,High Performing,Q4 (Top 25% Volume),Q3 (50-75% CTR),
elops,9173,0.2262073477,0.0032704677,21.160670109,228,2075,30,High Performing,Q4 (Top 25% Volume),Q3 (50-75% CTR),
snooker cue,2708,0.226366322,0.0007385524,37.9601705119,213,613,2,Low Volume, High CTR,Q1 (Bottom 25% Volume),Q3 (50-75% CTR)
wetsuit boots,4056,0.2265779093,0.0032051282,14.2281294603,79,919,13,Low Volume, High CTR,Q2 (25-50% Volume),Q3 (50-75% CTR)
running belt,11539,0.2271427333,0.0078862986,4.951629997,110,2621,91,High Performing,Q4 (Top 25% Volume),Q3 (50-75% CTR),
cycling gloves,11029,0.2276724998,0.0062562336,12.5943319237,142,2511,69,High Performing,Q4 (Top 25% Volume),Q3 (50-75% CTR),
women's ski,2446,0.2277187244,0.0106295993,46.3177566897,1480,557,26,Low Volume, High CTR,Q1 (Bottom 25% Volume),Q3 (50-75% CTR)
bar,4182,0.2278813965,0.006456241,10.7715576542,1090,953,27,Low Volume, High CTR,Q2 (25-50% Volume),Q3 (50-75% CTR)
dartboard,6603,0.2283810389,0.0043919431,8.6672034862,37,1508,29,High Performing,Q3 (50-75% Volume),Q3 (50-75% CTR),
camping tent,2612,0.22856049,0.0042113323,21.2410425142,225,597,11,Low Volume, High CTR,Q1 (Bottom 25% Volume),Q3 (50-75% CTR)
running machine,3711,0.2287793048,0.0059283212,14.2966206742,143,849,22,Low Volume, High CTR,Q2 (25-50% Volume),Q3 (50-75% CTR)
dress,2506,0.2290502793,0.0031923384,30.6580139373,258,574,8,Low Volume, High CTR,Q1 (Bottom 25% Volume),Q3 (50-75% CTR)
cricket set,2831,0.2299540798,0.0035323207,12.5110087046,99,651,10,Low Volume, High CTR,Q1 (Bottom 25% Volume),Q3 (50-75% CTR)
bike basket,4211,0.230586559,0.0090239848,5.9668321809,280,971,38,Low Volume, High CTR,Q2 (25-50% Volume),Q3 (50-75% CTR)
swim hat,4310,0.2308584687,0.0088167053,22.3006676238,258,995,38,Low Volume, High CTR,Q2 (25-50% Volume),Q3 (50-75% CTR)
bike cover,2953,0.2309515747,0.0108364375,5.2113391984,95,682,32,Low Volume, High CTR,Q1 (Bottom 25% Volume),Q3 (50-75% CTR)
poncho,26799,0.2311280272,0.0060076869,10.2130464197,131,6194,161,High Performing,Q4 (Top 25% Volume),Q3 (50-75% CTR),
hydration vest,5976,0.2314257028,0.0035140562,8.500120511,62,1383,21,High Performing,Q3 (50-75% Volume),Q3 (50-75% CTR),
arsenal,7303,0.2319594687,0.0072572915,30.3359897678,96,1694,53,High Performing,Q3 (50-75% Volume),Q3 (50-75% CTR),
dumbell set,3282,0.2321755027,0.0091407678,11.3462817148,44,762,30,Low Volume, High CTR,Q2 (25-50% Volume),Q3 (50-75% CTR)
quechua tent,6904,0.232184241,0.0021726535,16.9419570448,456,1603,15,High Performing,Q3 (50-75% Volume),Q3 (50-75% CTR),
running cap,7373,0.2327410823,0.0061033501,5.8816402663,367,1716,45,High Performing,Q3 (50-75% Volume),Q3 (50-75% CTR),
kalenji beanie,3453,0.2328410078,0.0014480162,6.7234660033,323,804,5,Low Volume, High CTR,Q2 (25-50% Volume),Q3 (50-75% CTR)
trousers,12631,0.2334732009,0.0064127939,23.3970316814,1598,2949,81,High Performing,Q4 (Top 25% Volume),Q3 (50-75% CTR),
swim shoes,10629,0.2337943362,0.0043277825,13.7445731532,65,2485,46,High Performing,Q4 (Top 25% Volume),Q3 (50-75% CTR),
knee support,3890,0.233933162,0.0071979434,9.7667225632,54,910,28,Low Volume, High CTR,Q2 (25-50% Volume),Q3 (50-75% CTR)
cycling shorts,18040,0.2339800443,0.0068736142,14.7978772595,149,4221,124,High Performing,Q4 (Top 25% Volume),Q3 (50-75% CTR),
cricket bat,8364,0.2340985175,0.0020325203,14.3740399582,215,1958,17,High Performing,Q4 (Top 25% Volume),Q3 (50-75% CTR),
bikini,14673,0.2341716077,0.0046343624,53.9321011231,412,3436,68,High Performing,Q4 (Top 25% Volume),Q3 (50-75% CTR),
kids ski,5332,0.2349962491,0.0202550638,46.1488950528,666,1253,108,High Performing,Q3 (50-75% Volume),Q3 (50-75% CTR),
car tent,2673,0.2353161242,0.000748223,9.6807763646,28,629,2,Low Volume, High CTR,Q1 (Bottom 25% Volume),Q3 (50-75% CTR)
tri suit,7158,0.2356803576,0.0029337804,18.2207680583,83,1687,21,High Performing,Q3 (50-75% Volume),Q3 (50-75% CTR),
mens shorts,9270,0.2357065804,0.0030204962,26.4901999564,910,2185,28,High Performing,Q4 (Top 25% Volume),Q3 (50-75% CTR),
resistance bands,5780,0.2358131488,0.0079584775,17.4084704608,113,1363,46,High Performing,Q3 (50-75% Volume),Q3 (50-75% CTR),
resistance band,4798,0.2359316382,0.0089620675,16.0626072691,113,1132,43,High Performing,Q3 (50-75% Volume),Q3 (50-75% CTR),
dry robe,17089,0.2361168003,0.0022821698,19.4110778702,102,4035,39,High Performing,Q4 (Top 25% Volume),Q3 (50-75% CTR),
salomon,12411,0.2362420433,0.0073322053,16.1346707919,123,2932,91,High Performing,Q4 (Top 25% Volume),Q3 (50-75% CTR),
dry bag,21878,0.2363561569,0.0060334583,21.0701418626,187,5171,132,High Performing,Q4 (Top 25% Volume),Q3 (50-75% CTR),
weight bench,6858,0.2370953631,0.0052493438,11.9609151167,65,1626,36,High Performing,Q3 (50-75% Volume),Q3 (50-75% CTR),
kids walking boots,6700,0.2373134328,0.0107462687,16.4598480084,66,1590,72,High Performing,Q3 (50-75% Volume),Q3 (50-75% CTR),
changing robe,8414,0.2373425244,0.0019015926,25.0837983165,107,1997,16,High Performing,Q4 (Top 25% Volume),Q3 (50-75% CTR),
adjustable dumbbells,4319,0.2377865247,0.0083352628,11.1741016368,35,1027,36,Low Volume, High CTR,Q2 (25-50% Volume),Q3 (50-75% CTR)
boys football boots,2593,0.2379483224,0.0065561126,19.872906537,206,617,17,Low Volume, High CTR,Q1 (Bottom 25% Volume),Q3 (50-75% CTR)
spin bike,2705,0.238077634,0.004805915,24.2624408459,126,644,13,Low Volume, High CTR,Q1 (Bottom 25% Volume),Q3 (50-75% CTR)
badminton set,3776,0.2380826271,0.0068855932,8.7306928333,101,899,26,Low Volume, High CTR,Q2 (25-50% Volume),Q3 (50-75% CTR)
snood,14268,0.2380852257,0.0208158116,9.9853292588,213,3397,297,High Performing,Q4 (Top 25% Volume),Q3 (50-75% CTR),
swim socks,3804,0.238170347,0.0060462671,23.5378652896,87,906,23,Low Volume, High CTR,Q2 (25-50% Volume),Q3 (50-75% CTR)
tent poles,3731,0.2382739212,0.0040203699,19.7222427554,147,889,15,Low Volume, High CTR,Q2 (25-50% Volume),Q3 (50-75% CTR)
waterproof socks,5716,0.2386284115,0.010846746,4.5393779384,18,1364,62,High Performing,Q3 (50-75% Volume),Q3 (50-75% CTR),
cycling jacket,5768,0.2389042996,0.0074549237,18.9947119704,171,1378,43,High Performing,Q3 (50-75% Volume),Q3 (50-75% CTR),
3 man tent,3829,0.2397492818,0.0028728127,7.7749636892,75,918,11,Low Volume, High CTR,Q2 (25-50% Volume),Q3 (50-75% CTR)
kids scooter,2617,0.2399694306,0.0061138708,14.5265430695,320,628,16,Low Volume, High CTR,Q1 (Bottom 25% Volume),Q3 (50-75% CTR)
balance bike,7206,0.240077713,0.0029142381,9.3428316818,44,1730,21,High Performing,Q3 (50-75% Volume),Q3 (50-75% CTR),
beach shelter,3768,0.2401804671,0.0029193206,24.1457642726,159,905,11,Low Volume, High CTR,Q2 (25-50% Volume),Q3 (50-75% CTR)
womens shorts,4303,0.2402974669,0.0044155241,42.4650548034,525,1034,19,Low Volume, High CTR,Q2 (25-50% Volume),Q3 (50-75% CTR)
band,3673,0.2404029404,0.0149741356,14.4030577576,315,883,55,Low Volume, High CTR,Q2 (25-50% Volume),Q3 (50-75% CTR)
tarp,12165,0.2407727086,0.0041923551,7.9836074987,47,2929,51,High Performing,Q4 (Top 25% Volume),Q3 (50-75% CTR),
inflatable tent,5427,0.2408328727,0.0020269025,7.2701114876,58,1307,11,High Performing,Q3 (50-75% Volume),Q3 (50-75% CTR),
fresh and black,4969,0.2410947877,0.0034212115,9.3079239208,284,1198,17,High Performing,Q3 (50-75% Volume),Q3 (50-75% CTR),
adult scooter,2455,0.2411405295,0.0040733198,12.9014731421,313,592,10,Low Volume, High CTR,Q1 (Bottom 25% Volume),Q3 (50-75% CTR)
sup pump,3144,0.2417302799,0.0041348601,8.182127193,32,760,13,Low Volume, High CTR,Q2 (25-50% Volume),Q3 (50-75% CTR)
foam roller,6415,0.241777085,0.0090413094,8.3566086396,47,1551,58,High Performing,Q3 (50-75% Volume),Q3 (50-75% CTR),
rugby shorts,2481,0.2418379686,0.0153164047,9.4507222222,91,600,38,Low Volume, High CTR,Q1 (Bottom 25% Volume),Q3 (50-75% CTR)
cycling jersey,4884,0.242014742,0.0085995086,19.1808024932,277,1182,42,High Performing,Q3 (50-75% Volume),Q3 (50-75% CTR),
2 man tent,5089,0.2424837886,0.0031440362,9.0663290113,89,1234,16,High Performing,Q3 (50-75% Volume),Q3 (50-75% CTR),
swimming bag,6780,0.2427728614,0.0056047198,16.6990481977,199,1646,38,High Performing,Q3 (50-75% Volume),Q3 (50-75% CTR),
kids wetsuit,3694,0.2428262047,0.0064970222,13.1304719435,82,897,24,Low Volume, High CTR,Q2 (25-50% Volume),Q3 (50-75% CTR)
camp chair,3153,0.2432603869,0.0053916905,13.0411994785,72,767,17,Low Volume, High CTR,Q2 (25-50% Volume),Q3 (50-75% CTR)
yonex badminton racket,3362,0.243307555,0.009220702,12.9437007607,80,818,31,Low Volume, High CTR,Q2 (25-50% Volume),Q3 (50-75% CTR)
ground sheet,4221,0.2435441838,0.0030798389,9.0305169539,95,1028,13,Low Volume, High CTR,Q2 (25-50% Volume),Q3 (50-75% CTR)
mens waterproof jacket,2733,0.2436882547,0.0054884742,43.0884110301,424,666,15,Low Volume, High CTR,Q1 (Bottom 25% Volume),Q3 (50-75% CTR)
balaclava,6611,0.2438360309,0.022689457,8.3308642299,65,1612,150,High Performing,Q3 (50-75% Volume),Q3 (50-75% CTR),
cones,4492,0.2444345503,0.0138023152,5.8889647845,44,1098,62,High Performing,Q3 (50-75% Volume),Q3 (50-75% CTR),
arena,2621,0.2445631438,0.0068676078,55.6456274918,367,641,18,Low Volume, High CTR,Q1 (Bottom 25% Volume),Q3 (50-75% CTR)
winter boots,2391,0.2446675031,0.0096194061,18.2556410256,125,585,23,Low Volume, High CTR,Q1 (Bottom 25% Volume),Q4 (Top 25% CTR)
sleep mat,3763,0.2450172735,0.0146159979,21.9119305857,139,922,55,Low Volume, High CTR,Q2 (25-50% Volume),Q4 (Top 25% CTR)
air bed,25742,0.245318934,0.0040789371,17.2168776157,186,6315,105,High Performing,Q4 (Top 25% Volume),Q4 (Top 25% CTR),
kids football boots,5190,0.2456647399,0.0053949904,24.0899648587,176,1275,28,High Performing,Q3 (50-75% Volume),Q4 (Top 25% CTR),
football goals,6377,0.2458836443,0.0023522032,10.652860904,103,1568,15,High Performing,Q3 (50-75% Volume),Q4 (Top 25% CTR),
duffel bag,7061,0.2469905113,0.009630364,8.5915296891,48,1744,68,High Performing,Q3 (50-75% Volume),Q4 (Top 25% CTR),
compression socks,2889,0.2474904811,0.0100380755,8.1016083916,37,715,29,Low Volume, High CTR,Q1 (Bottom 25% Volume),Q4 (Top 25% CTR)
ice skates,15725,0.2477583466,0.0052146264,12.3860882957,85,3896,82,High Performing,Q4 (Top 25% Volume),Q4 (Top 25% CTR),
cycle shorts,4091,0.2481055977,0.0078220484,14.997816092,165,1015,32,Low Volume, High CTR,Q2 (25-50% Volume),Q4 (Top 25% CTR)
running spikes,4141,0.2482492152,0.0031393383,5.2985219412,15,1028,13,Low Volume, High CTR,Q2 (25-50% Volume),Q4 (Top 25% CTR)
skipping rope,6990,0.2483547926,0.0145922747,8.300884628,52,1736,102,High Performing,Q3 (50-75% Volume),Q4 (Top 25% CTR),
running hat,5214,0.248561565,0.0124664365,3.1382789536,35,1296,65,High Performing,Q3 (50-75% Volume),Q4 (Top 25% CTR),
mattress,16929,0.248862898,0.0058479532,14.8265670506,160,4213,99,High Performing,Q4 (Top 25% Volume),Q4 (Top 25% CTR),
4 man tent,6033,0.2489640312,0.0028178352,9.7500681631,50,1502,17,High Performing,Q3 (50-75% Volume),Q4 (Top 25% CTR),
sports bag,6181,0.2491506229,0.0069568031,18.1472781385,366,1540,43,High Performing,Q3 (50-75% Volume),Q4 (Top 25% CTR),
bed,11874,0.250210544,0.0052214923,17.2000865509,324,2971,62,High Performing,Q4 (Top 25% Volume),Q4 (Top 25% CTR),
football goal,10929,0.2502516241,0.0038429865,6.2546031746,736,2735,42,High Performing,Q4 (Top 25% Volume),Q4 (Top 25% CTR),
blow up mattress,4295,0.2507566938,0.0074505239,15.0631383473,137,1077,32,Low Volume, High CTR,Q2 (25-50% Volume),Q4 (Top 25% CTR)
stepper,3828,0.2507836991,0.0086206897,5.4824305556,20,960,33,Low Volume, High CTR,Q2 (25-50% Volume),Q4 (Top 25% CTR)
duffel,3199,0.2510159425,0.0065645514,6.0773765048,47,803,21,Low Volume, High CTR,Q2 (25-50% Volume),Q4 (Top 25% CTR)
water filter,3145,0.2515103339,0.0098569157,4.5760640539,17,791,31,Low Volume, High CTR,Q2 (25-50% Volume),Q4 (Top 25% CTR)
dart board,8811,0.2518442856,0.0073771422,8.5633329041,39,2219,65,High Performing,Q4 (Top 25% Volume),Q4 (Top 25% CTR),
punch bag,8978,0.2521719759,0.0034528848,12.7033942243,74,2264,31,High Performing,Q4 (Top 25% Volume),Q4 (Top 25% CTR),
thermos,2417,0.2523789822,0.0095159288,20.7306557377,59,610,23,Low Volume, High CTR,Q1 (Bottom 25% Volume),Q4 (Top 25% CTR)
camping bed,12029,0.2525563222,0.0039903566,16.5472432521,190,3038,48,High Performing,Q4 (Top 25% Volume),Q4 (Top 25% CTR),
sun hat,4286,0.2526831545,0.0069995334,12.4524798839,41,1083,30,Low Volume, High CTR,Q2 (25-50% Volume),Q4 (Top 25% CTR)
toilet,3961,0.2527139611,0.0047967685,10.0571928072,41,1001,19,Low Volume, High CTR,Q2 (25-50% Volume),Q4 (Top 25% CTR)
camping kitchen,3470,0.2527377522,0.0048991354,16.326890916,111,877,17,Low Volume, High CTR,Q2 (25-50% Volume),Q4 (Top 25% CTR)
camping mattress,6966,0.2529428653,0.0054550675,16.8812929031,154,1762,38,High Performing,Q3 (50-75% Volume),Q4 (Top 25% CTR),
exercise mat,3749,0.2534009069,0.0096025607,24.4508462824,1306,950,36,Low Volume, High CTR,Q2 (25-50% Volume),Q4 (Top 25% CTR)
bike trailer,3207,0.2535079514,0.0034299969,6.5297662977,39,813,11,Low Volume, High CTR,Q2 (25-50% Volume),Q4 (Top 25% CTR)
women's shorts,3829,0.2535910159,0.0070514495,36.6445662302,517,971,27,Low Volume, High CTR,Q2 (25-50% Volume),Q4 (Top 25% CTR)
nabaiji swimsuit,4698,0.2537249894,0.0163899532,49.1562192608,285,1192,77,High Performing,Q3 (50-75% Volume),Q4 (Top 25% CTR),
saddle bag,6488,0.254161529,0.0073982737,10.9210228421,54,1649,48,High Performing,Q3 (50-75% Volume),Q4 (Top 25% CTR),
real madrid,2599,0.2550981147,0.0084647942,27.7608543417,94,663,22,Low Volume, High CTR,Q1 (Bottom 25% Volume),Q4 (Top 25% CTR)
maternity,3526,0.2552467385,0.0124787294,11.6903276014,37,900,44,Low Volume, High CTR,Q2 (25-50% Volume),Q4 (Top 25% CTR)
yoga ball,2503,0.2552936476,0.0119856173,8.1138994461,413,639,30,Low Volume, High CTR,Q1 (Bottom 25% Volume),Q4 (Top 25% CTR)
kids fleece,4471,0.2554238425,0.0109595169,19.4628490939,391,1142,49,High Performing,Q3 (50-75% Volume),Q4 (Top 25% CTR),
bum bag,8091,0.2565813867,0.0075392411,19.3034097165,140,2076,61,High Performing,Q4 (Top 25% Volume),Q4 (Top 25% CTR),
toe socks,3496,0.2574370709,0.0171624714,17.6027063492,136,900,60,Low Volume, High CTR,Q2 (25-50% Volume),Q4 (Top 25% CTR)
weight set,2472,0.2576860841,0.0056634304,9.8861400296,47,637,14,Low Volume, High CTR,Q1 (Bottom 25% Volume),Q4 (Top 25% CTR)
ski mask,2727,0.2581591492,0.0128346168,14.2002604167,78,704,35,Low Volume, High CTR,Q1 (Bottom 25% Volume),Q4 (Top 25% CTR)
26 inch bike,3964,0.2588294652,0.0073158426,11.1385640026,106,1026,29,Low Volume, High CTR,Q2 (25-50% Volume),Q4 (Top 25% CTR)
riverside,9382,0.2590066084,0.0040503091,11.7815092132,147,2430,38,High Performing,Q4 (Top 25% Volume),Q4 (Top 25% CTR),
waterproof backpack,5373,0.2590731435,0.0050251256,11.8778936999,50,1392,27,High Performing,Q3 (50-75% Volume),Q4 (Top 25% CTR),
yoga socks,2535,0.2591715976,0.0149901381,16.721334348,130,657,38,Low Volume, High CTR,Q1 (Bottom 25% Volume),Q4 (Top 25% CTR)
beanie,6943,0.2595419847,0.0129626962,25.7214162395,462,1802,90,High Performing,Q3 (50-75% Volume),Q4 (Top 25% CTR),
electric pump,2863,0.26056584,0.0062871114,5.5359696157,25,746,18,Low Volume, High CTR,Q1 (Bottom 25% Volume),Q4 (Top 25% CTR)
womens waterproof jacket,2479,0.2609923356,0.0121016539,46.3463887049,357,647,30,Low Volume, High CTR,Q1 (Bottom 25% Volume),Q4 (Top 25% CTR)
air mattress,9483,0.2613097121,0.0101233787,13.7892400746,151,2478,96,High Performing,Q4 (Top 25% Volume),Q4 (Top 25% CTR),
white socks,2696,0.262611276,0.0137240356,13.8441619586,438,708,37,Low Volume, High CTR,Q1 (Bottom 25% Volume),Q4 (Top 25% CTR)
down jacket,8364,0.2630320421,0.0056193209,11.0046428571,285,2200,47,High Performing,Q4 (Top 25% Volume),Q4 (Top 25% CTR),
snowsuit,3163,0.2630414164,0.0079038887,8.9421617445,89,832,25,Low Volume, High CTR,Q2 (25-50% Volume),Q4 (Top 25% CTR)
kids shin pads,2686,0.2650781832,0.0215934475,3.7849953184,20,712,58,Low Volume, High CTR,Q1 (Bottom 25% Volume),Q4 (Top 25% CTR)
padded cycling shorts,2357,0.2651675859,0.0156979211,10.8479733333,68,625,37,Low Volume, High CTR,Q1 (Bottom 25% Volume),Q4 (Top 25% CTR)
weighted vest,10216,0.2653680501,0.0082223962,3.4206381409,56,2711,84,High Performing,Q4 (Top 25% Volume),Q4 (Top 25% CTR),
riding boots,11384,0.2653724526,0.0106289529,16.0065945787,168,3021,121,High Performing,Q4 (Top 25% Volume),Q4 (Top 25% CTR),
weight plates,4563,0.2653955731,0.0111768573,10.029935905,74,1211,51,High Performing,Q3 (50-75% Volume),Q4 (Top 25% CTR),
kids hiking boots,3357,0.2654155496,0.0107238606,19.2397012453,122,891,36,Low Volume, High CTR,Q2 (25-50% Volume),Q4 (Top 25% CTR)
mug,3031,0.2659188387,0.0082481029,7.1581900626,37,806,25,Low Volume, High CTR,Q1 (Bottom 25% Volume),Q4 (Top 25% CTR)
self inflating mattress,13953,0.2660359779,0.0042284813,10.9124223881,153,3712,59,High Performing,Q4 (Top 25% Volume),Q4 (Top 25% CTR),
salomon shoes,4874,0.2665162085,0.0082068117,12.3297756516,77,1299,40,High Performing,Q3 (50-75% Volume),Q4 (Top 25% CTR),
kite,7614,0.2670081429,0.0084055687,7.9892806393,716,2033,64,High Performing,Q3 (50-75% Volume),Q4 (Top 25% CTR),
punching bag,3980,0.2673366834,0.0035175879,13.687551468,75,1064,14,Low Volume, High CTR,Q2 (25-50% Volume),Q4 (Top 25% CTR)
cycling socks,6097,0.2686567164,0.0108249959,5.6878510379,54,1638,66,High Performing,Q3 (50-75% Volume),Q4 (Top 25% CTR),
swimming towel,2979,0.2688821752,0.0177912051,11.2182207756,95,801,53,Low Volume, High CTR,Q1 (Bottom 25% Volume),Q4 (Top 25% CTR)
travel backpack,4077,0.2690703949,0.0068677949,9.2611212397,41,1097,28,Low Volume, High CTR,Q2 (25-50% Volume),Q4 (Top 25% CTR)
horse riding boots,7589,0.2690736592,0.004743708,18.02475493,168,2042,36,High Performing,Q3 (50-75% Volume),Q4 (Top 25% CTR),
sim,3315,0.2690799397,0.0111613876,6.9542227205,574,892,37,Low Volume, High CTR,Q2 (25-50% Volume),Q4 (Top 25% CTR)
camping table,17603,0.2699539851,0.0056240414,7.694298755,97,4752,99,High Performing,Q4 (Top 25% Volume),Q4 (Top 25% CTR),
arm bands,4128,0.2708333333,0.0062984496,11.2793204857,33,1118,26,Low Volume, High CTR,Q2 (25-50% Volume),Q4 (Top 25% CTR)
sleeping pad,4013,0.2713680538,0.0049838026,24.1265490402,133,1089,20,Low Volume, High CTR,Q2 (25-50% Volume),Q4 (Top 25% CTR)
swimming shoes,4445,0.2715410574,0.0085489314,10.7170671085,36,1207,38,High Performing,Q3 (50-75% Volume),Q4 (Top 25% CTR),
cycling glasses,6185,0.2716248989,0.0093775263,3.2660579649,18,1680,58,High Performing,Q3 (50-75% Volume),Q4 (Top 25% CTR),
sleeping bag liner,5424,0.2724926254,0.0123525074,2.4049624654,10,1478,67,High Performing,Q3 (50-75% Volume),Q4 (Top 25% CTR),
football gloves,4606,0.2731220148,0.0169344333,15.4793114543,500,1258,78,High Performing,Q3 (50-75% Volume),Q4 (Top 25% CTR),
pannier rack,4583,0.2734017019,0.006982326,6.7724489796,53,1253,32,High Performing,Q3 (50-75% Volume),Q4 (Top 25% CTR),
hammock,7969,0.2734345589,0.0051449366,4.6384328766,26,2179,41,High Performing,Q4 (Top 25% Volume),Q4 (Top 25% CTR),
mens running shorts,3839,0.2745506642,0.0049492055,14.0777502937,137,1054,19,Low Volume, High CTR,Q2 (25-50% Volume),Q4 (Top 25% CTR)
squat rack,3467,0.2745889818,0.0080761465,11.3493397359,58,952,28,Low Volume, High CTR,Q2 (25-50% Volume),Q4 (Top 25% CTR)
fishing chair,4354,0.2746899403,0.0082682591,8.6458412964,54,1196,36,Low Volume, High CTR,Q2 (25-50% Volume),Q4 (Top 25% CTR)
oxelo scooter,3255,0.2749615975,0.0138248848,10.9532801277,214,895,45,Low Volume, High CTR,Q2 (25-50% Volume),Q4 (Top 25% CTR)
cycling sunglasses,2723,0.2754315094,0.0102827763,8.0410698413,90,750,28,Low Volume, High CTR,Q1 (Bottom 25% Volume),Q4 (Top 25% CTR)
aqua marina,2392,0.2759197324,0.006270903,13.8168686869,56,660,15,Low Volume, High CTR,Q1 (Bottom 25% Volume),Q4 (Top 25% CTR)
camping light,4309,0.2763982362,0.0109074031,9.3704949822,256,1191,47,Low Volume, High CTR,Q2 (25-50% Volume),Q4 (Top 25% CTR)
blanket,5321,0.2764517948,0.0071415148,12.4254135509,64,1471,38,High Performing,Q3 (50-75% Volume),Q4 (Top 25% CTR),
bouldering shoes,2370,0.2784810127,0.0067510549,5.4983712121,29,660,16,Low Volume, High CTR,Q1 (Bottom 25% Volume),Q4 (Top 25% CTR)
sis,3240,0.2787037037,0.0206790123,7.8244370616,33,903,67,Low Volume, High CTR,Q2 (25-50% Volume),Q4 (Top 25% CTR)
ski mittens,3022,0.2789543349,0.0162144275,6.3362311473,35,843,49,Low Volume, High CTR,Q1 (Bottom 25% Volume),Q4 (Top 25% CTR)
uv top,4676,0.2792985458,0.0068434559,15.9603113834,247,1306,32,High Performing,Q3 (50-75% Volume),Q4 (Top 25% CTR),
bottle cage,4305,0.2794425087,0.0171893148,9.5318786367,75,1203,74,Low Volume, High CTR,Q2 (25-50% Volume),Q4 (Top 25% CTR)
soft flask,4427,0.2812288231,0.0135531963,2.1670682731,12,1245,60,Low Volume, High CTR,Q2 (25-50% Volume),Q4 (Top 25% CTR)
tent pegs,5985,0.2815371763,0.0105263158,6.9572205737,36,1685,63,High Performing,Q3 (50-75% Volume),Q4 (Top 25% CTR),
speedo swimsuit,2509,0.2821841371,0.0079713033,53.2611432073,295,708,20,Low Volume, High CTR,Q1 (Bottom 25% Volume),Q4 (Top 25% CTR)
pilates mat,2730,0.2824175824,0.0153846154,9.6387159533,87,771,42,Low Volume, High CTR,Q1 (Bottom 25% Volume),Q4 (Top 25% CTR)
cricket shoes,4953,0.2828588734,0.0006056935,9.5191054009,49,1401,3,High Performing,Q3 (50-75% Volume),Q4 (Top 25% CTR),
voucher,2807,0.2835767724,0.0594941218,1.1935720268,3,796,167,Low Volume, High CTR,Q1 (Bottom 25% Volume),Q4 (Top 25% CTR)
yoga block,2780,0.2841726619,0.0205035971,8.6271237693,51,790,57,Low Volume, High CTR,Q1 (Bottom 25% Volume),Q4 (Top 25% CTR)
kids thermal,3087,0.2850664075,0.0437317784,9.0921424062,154,880,135,Low Volume, High CTR,Q1 (Bottom 25% Volume),Q4 (Top 25% CTR)
lamp,2464,0.2853084416,0.0101461039,8.9536352142,1916,703,25,Low Volume, High CTR,Q1 (Bottom 25% Volume),Q4 (Top 25% CTR)
water bladder,6947,0.2857348496,0.0218799482,6.4901535324,56,1985,152,High Performing,Q3 (50-75% Volume),Q4 (Top 25% CTR),
mh100 tent,2421,0.2858323007,0.0033044197,5.2215799615,36,692,8,Low Volume, High CTR,Q1 (Bottom 25% Volume),Q4 (Top 25% CTR)
2 in 1 shorts,5096,0.2861067504,0.0113814757,7.1373924924,56,1458,58,High Performing,Q3 (50-75% Volume),Q4 (Top 25% CTR),
double airbed,2802,0.2869379015,0.0071377587,8.2043325041,35,804,20,Low Volume, High CTR,Q1 (Bottom 25% Volume),Q4 (Top 25% CTR)
quechua jacket,3995,0.2876095119,0.0232790989,17.637213519,174,1149,93,Low Volume, High CTR,Q2 (25-50% Volume),Q4 (Top 25% CTR)
swimming hat,5763,0.288217942,0.0185667187,21.3135962272,257,1661,107,High Performing,Q3 (50-75% Volume),Q4 (Top 25% CTR),
pillow,12344,0.2892903435,0.0119086196,5.5881325759,122,3571,147,High Performing,Q4 (Top 25% Volume),Q4 (Top 25% CTR),
neck warmer,5258,0.2902244199,0.0289083302,13.8155120764,136,1526,152,High Performing,Q3 (50-75% Volume),Q4 (Top 25% CTR),
boxing bag,5451,0.2907723354,0.0033021464,14.8445209207,173,1585,18,High Performing,Q3 (50-75% Volume),Q4 (Top 25% CTR),
swimming fins,2441,0.2908643998,0.0126997132,8.0058932226,42,710,31,Low Volume, High CTR,Q1 (Bottom 25% Volume),Q4 (Top 25% CTR)
sailing gloves,2370,0.2919831224,0.0113924051,6.1622694743,29,692,27,Low Volume, High CTR,Q1 (Bottom 25% Volume),Q4 (Top 25% CTR)
football shorts,4281,0.2931558047,0.0163513198,10.3663612218,218,1255,70,Low Volume, High CTR,Q2 (25-50% Volume),Q4 (Top 25% CTR)
waterproof phone case,2424,0.2933168317,0.0107260726,2.8185654008,13,711,26,Low Volume, High CTR,Q1 (Bottom 25% Volume),Q4 (Top 25% CTR)
rockrider bike,4048,0.293972332,0.005187747,16.4672709084,505,1190,21,Low Volume, High CTR,Q2 (25-50% Volume),Q4 (Top 25% CTR)
folding table,2398,0.2939949958,0.0079232694,6.3647754137,32,705,19,Low Volume, High CTR,Q1 (Bottom 25% Volume),Q4 (Top 25% CTR)
ballet shoes,2907,0.2944616443,0.0134158927,2.8926851543,15,856,39,Low Volume, High CTR,Q1 (Bottom 25% Volume),Q4 (Top 25% CTR)
cricket bag,3783,0.295532646,0.0052868094,5.5607197066,175,1118,20,Low Volume, High CTR,Q2 (25-50% Volume),Q4 (Top 25% CTR)
rain poncho,3379,0.295945546,0.0088783664,7.0573555556,41,1000,30,Low Volume, High CTR,Q2 (25-50% Volume),Q4 (Top 25% CTR)
base layer kids,4511,0.2961649302,0.0498780758,8.6462179807,79,1336,225,High Performing,Q3 (50-75% Volume),Q4 (Top 25% CTR),
garmin forerunner,2760,0.2963768116,0.0163043478,3.74400978,21,818,45,Low Volume, High CTR,Q1 (Bottom 25% Volume),Q4 (Top 25% CTR)
swim top,4669,0.2966373956,0.0111372885,20.2330685921,224,1385,52,High Performing,Q3 (50-75% Volume),Q4 (Top 25% CTR),
skull cap,5056,0.296875,0.0189873418,7.1533073189,504,1501,96,High Performing,Q3 (50-75% Volume),Q4 (Top 25% CTR),
badminton net,3967,0.2972019158,0.008066549,3.3781170483,319,1179,32,Low Volume, High CTR,Q2 (25-50% Volume),Q4 (Top 25% CTR)
bikini top,3259,0.2973304695,0.0079779073,27.8678919521,219,969,26,Low Volume, High CTR,Q2 (25-50% Volume),Q4 (Top 25% CTR)
kitchen,2531,0.2975108653,0.006321612,4.6449535193,20,753,16,Low Volume, High CTR,Q1 (Bottom 25% Volume),Q4 (Top 25% CTR)
gym gloves,4064,0.2979822835,0.0211614173,12.9900515119,70,1211,86,Low Volume, High CTR,Q2 (25-50% Volume),Q4 (Top 25% CTR)
pannier bag,3943,0.2982500634,0.007101192,11.5652069161,70,1176,28,Low Volume, High CTR,Q2 (25-50% Volume),Q4 (Top 25% CTR)
tennis shorts,3071,0.2982741778,0.0061869098,6.6128924932,63,916,19,Low Volume, High CTR,Q1 (Bottom 25% Volume),Q4 (Top 25% CTR)
packing cube,2619,0.298587247,0.0141275296,7.4549689441,174,782,37,Low Volume, High CTR,Q1 (Bottom 25% Volume),Q4 (Top 25% CTR)
olaian bikini,3174,0.2986767486,0.0075614367,37.720745429,171,948,24,Low Volume, High CTR,Q2 (25-50% Volume),Q4 (Top 25% CTR)
sledge,4213,0.2993116544,0.0056966532,4.5647029946,30,1261,24,Low Volume, High CTR,Q2 (25-50% Volume),Q4 (Top 25% CTR)
microfiber towel,3021,0.3002317114,0.0324395895,5.125245883,22,907,98,Low Volume, High CTR,Q1 (Bottom 25% Volume),Q4 (Top 25% CTR)
kids waterproof trousers,3392,0.3007075472,0.0162146226,10.5096545285,59,1020,55,Low Volume, High CTR,Q2 (25-50% Volume),Q4 (Top 25% CTR)
buff,3411,0.3007915567,0.0225740252,15.1934384573,227,1026,77,Low Volume, High CTR,Q2 (25-50% Volume),Q4 (Top 25% CTR)
tribord jacket,2965,0.3008431703,0.0121416526,15.9869861734,81,892,36,Low Volume, High CTR,Q1 (Bottom 25% Volume),Q4 (Top 25% CTR)
kids gloves,7251,0.3009240105,0.0193076817,14.8732490216,385,2182,140,High Performing,Q3 (50-75% Volume),Q4 (Top 25% CTR),
creatine,3633,0.3011285439,0.0286264795,1.8133302864,7,1094,104,Low Volume, High CTR,Q2 (25-50% Volume),Q4 (Top 25% CTR)
pull buoy,2453,0.3024867509,0.0293518141,8.3261016985,31,742,72,Low Volume, High CTR,Q1 (Bottom 25% Volume),Q4 (Top 25% CTR)
double sleeping bag,2717,0.3029076187,0.005520795,4.8150031823,15,823,15,Low Volume, High CTR,Q1 (Bottom 25% Volume),Q4 (Top 25% CTR)
kids ski jacket,2358,0.3032230704,0.0144189992,13.5814050906,57,715,34,Low Volume, High CTR,Q1 (Bottom 25% Volume),Q4 (Top 25% CTR)
shower,4395,0.3039817975,0.0056882821,4.5631036005,146,1336,25,Low Volume, High CTR,Q2 (25-50% Volume),Q4 (Top 25% CTR)
pool table,6537,0.3048799143,0.0042833104,7.3204714517,34,1993,28,High Performing,Q3 (50-75% Volume),Q4 (Top 25% CTR),
weight bar,3189,0.305738476,0.0103480715,12.6358945869,75,975,33,Low Volume, High CTR,Q2 (25-50% Volume),Q4 (Top 25% CTR)
puddle suit,2944,0.3063858696,0.0095108696,12.0790377644,40,902,28,Low Volume, High CTR,Q1 (Bottom 25% Volume),Q4 (Top 25% CTR)
swim suit women,2811,0.3070081821,0.0213447172,60.0290583789,1039,863,60,Low Volume, High CTR,Q1 (Bottom 25% Volume),Q4 (Top 25% CTR)
weight vest,4517,0.3072835953,0.0086340491,4.3110590778,59,1388,39,High Performing,Q3 (50-75% Volume),Q4 (Top 25% CTR),
quechua backpack,9140,0.3089715536,0.0170678337,12.6978087992,70,2824,156,High Performing,Q4 (Top 25% Volume),Q4 (Top 25% CTR),
travel 500,2652,0.3095776772,0.004147813,3.4636622006,51,821,11,Low Volume, High CTR,Q1 (Bottom 25% Volume),Q4 (Top 25% CTR)
kids base layer,3860,0.3103626943,0.0191709845,8.2825921991,82,1198,74,Low Volume, High CTR,Q2 (25-50% Volume),Q4 (Top 25% CTR)
swing ball,3629,0.3108294296,0.0124001102,2.7963884667,78,1128,45,Low Volume, High CTR,Q2 (25-50% Volume),Q4 (Top 25% CTR)
pull up bar,13341,0.3120455738,0.0108687505,6.5250074351,29,4163,145,High Performing,Q4 (Top 25% Volume),Q4 (Top 25% CTR),
kids life jacket,3787,0.3121204119,0.0042249802,9.5660321489,48,1182,16,Low Volume, High CTR,Q2 (25-50% Volume),Q4 (Top 25% CTR)
mens ski jacket,3056,0.3121727749,0.0229057592,18.8929856744,91,954,70,Low Volume, High CTR,Q1 (Bottom 25% Volume),Q4 (Top 25% CTR)
kids sandals,2579,0.3136874758,0.0058162078,12.1633498146,80,809,15,Low Volume, High CTR,Q1 (Bottom 25% Volume),Q4 (Top 25% CTR)
tri suit men,2362,0.3137171888,0.0029635902,11.5159305607,45,741,7,Low Volume, High CTR,Q1 (Bottom 25% Volume),Q4 (Top 25% CTR)
swimming vest,2501,0.3158736505,0.0155937625,7.8541018686,56,790,39,Low Volume, High CTR,Q1 (Bottom 25% Volume),Q4 (Top 25% CTR)
kids thermals,3022,0.3173395103,0.0258107214,8.8987412483,103,959,78,Low Volume, High CTR,Q1 (Bottom 25% Volume),Q4 (Top 25% CTR)
air bedding,2859,0.3186428821,0.0087443162,11.4871964113,48,911,25,Low Volume, High CTR,Q1 (Bottom 25% Volume),Q4 (Top 25% CTR)
kids horse riding,3658,0.3190267906,0.0377255331,33.269860224,320,1167,138,Low Volume, High CTR,Q2 (25-50% Volume),Q4 (Top 25% CTR)
chalk bag,3632,0.3191079295,0.0137665198,3.5731374201,13,1159,50,Low Volume, High CTR,Q2 (25-50% Volume),Q4 (Top 25% CTR)
cricket helmet,2442,0.3202293202,0.0049140049,5.0645221857,21,782,12,Low Volume, High CTR,Q1 (Bottom 25% Volume),Q4 (Top 25% CTR)
womens ski jacket,4002,0.3248375812,0.0204897551,24.8506406926,104,1300,82,Low Volume, High CTR,Q2 (25-50% Volume),Q4 (Top 25% CTR)
fcr helmet,2734,0.3258961229,0.021214338,3.4725215114,290,891,58,Low Volume, High CTR,Q1 (Bottom 25% Volume),Q4 (Top 25% CTR)
uv t shirt,2961,0.3265788585,0.0057413036,12.233221303,114,967,17,Low Volume, High CTR,Q1 (Bottom 25% Volume),Q4 (Top 25% CTR)
kids ski gloves,3764,0.3275770457,0.0308182784,8.4399944,55,1233,116,Low Volume, High CTR,Q2 (25-50% Volume),Q4 (Top 25% CTR)
microfibre towel,20849,0.3276895774,0.0183222217,7.0474664237,51,6832,382,High Performing,Q4 (Top 25% Volume),Q4 (Top 25% CTR),
rain cover,3061,0.3289774583,0.0117608625,6.0806574756,27,1007,36,Low Volume, High CTR,Q1 (Bottom 25% Volume),Q4 (Top 25% CTR)
snow suit,2544,0.3297955975,0.0066823899,9.0517682688,87,839,17,Low Volume, High CTR,Q1 (Bottom 25% Volume),Q4 (Top 25% CTR)
long sleeve swimsuit,2980,0.3312080537,0.0060402685,5.9475502967,18,987,18,Low Volume, High CTR,Q1 (Bottom 25% Volume),Q4 (Top 25% CTR)
hula hoop,4108,0.3342259007,0.0163096397,6.2141175042,34,1373,67,Low Volume, High CTR,Q2 (25-50% Volume),Q4 (Top 25% CTR)
handlebar bag,4089,0.3343115676,0.0056248472,9.271385028,30,1367,23,Low Volume, High CTR,Q2 (25-50% Volume),Q4 (Top 25% CTR)
tankini swimsuit women,2474,0.3358932902,0.0113177041,4.5744498883,14,831,28,Low Volume, High CTR,Q1 (Bottom 25% Volume),Q4 (Top 25% CTR)
ski bag,5150,0.3361165049,0.019223301,5.6215606173,71,1731,99,High Performing,Q3 (50-75% Volume),Q4 (Top 25% CTR),
picnic blanket,2839,0.3370905248,0.0081014442,4.4514541971,18,957,23,Low Volume, High CTR,Q1 (Bottom 25% Volume),Q4 (Top 25% CTR)
domyos shorts,6194,0.3456570875,0.0174362286,9.5214659776,153,2141,108,High Performing,Q3 (50-75% Volume),Q4 (Top 25% CTR),
glove liners,2750,0.3472727273,0.0152727273,3.5503664921,11,955,42,Low Volume, High CTR,Q1 (Bottom 25% Volume),Q4 (Top 25% CTR)
parasol,4696,0.3473168654,0.004471891,4.9174586143,20,1631,21,High Performing,Q3 (50-75% Volume),Q4 (Top 25% CTR),
quechua boots,2372,0.3482293423,0.0286677909,23.4323547215,112,826,68,Low Volume, High CTR,Q1 (Bottom 25% Volume),Q4 (Top 25% CTR)
pool noodle,3546,0.3482797518,0.0157924422,2.3326585695,6,1235,56,Low Volume, High CTR,Q2 (25-50% Volume),Q4 (Top 25% CTR)
tennis skirt,3566,0.3491306786,0.0075715087,7.7110553324,39,1245,27,Low Volume, High CTR,Q2 (25-50% Volume),Q4 (Top 25% CTR)
kids snow boots,3141,0.3540273798,0.023559376,5.5204782602,25,1112,74,Low Volume, High CTR,Q2 (25-50% Volume),Q4 (Top 25% CTR)
frame bag,4209,0.3544784985,0.0083155144,8.7392761394,31,1492,35,Low Volume, High CTR,Q2 (25-50% Volume),Q4 (Top 25% CTR)
boxing shoes,5076,0.3546099291,0.0171394799,6.1706424162,21,1800,87,High Performing,Q3 (50-75% Volume),Q4 (Top 25% CTR),
boxing boots,4439,0.3552601937,0.0114890741,6.2901362922,21,1577,51,High Performing,Q3 (50-75% Volume),Q4 (Top 25% CTR),
camping pillow,6748,0.3564018969,0.0125963248,4.052030492,18,2405,85,High Performing,Q3 (50-75% Volume),Q4 (Top 25% CTR),
forclaz trousers,6888,0.3601916376,0.0135017422,8.4403270047,52,2481,93,High Performing,Q3 (50-75% Volume),Q4 (Top 25% CTR),
backpack cover,2501,0.3602558976,0.0215913635,3.743879696,42,901,54,Low Volume, High CTR,Q1 (Bottom 25% Volume),Q4 (Top 25% CTR)
riverside 500,3539,0.3664877084,0.0127154563,2.2428681573,21,1297,45,Low Volume, High CTR,Q2 (25-50% Volume),Q4 (Top 25% CTR)
beach umbrella,4167,0.3683705304,0.0069594432,4.8199084846,21,1535,29,Low Volume, High CTR,Q2 (25-50% Volume),Q4 (Top 25% CTR)
kipsta bag,4233,0.3690054335,0.0144105835,5.9611537914,41,1562,61,Low Volume, High CTR,Q2 (25-50% Volume),Q4 (Top 25% CTR)
balance board,2975,0.3778151261,0.0141176471,4.6691294619,18,1124,42,Low Volume, High CTR,Q1 (Bottom 25% Volume),Q4 (Top 25% CTR)
forclaz jacket,4067,0.3835751168,0.0280304893,12.6210294567,86,1560,114,Low Volume, High CTR,Q2 (25-50% Volume),Q4 (Top 25% CTR)
nabaiji towel,3732,0.3853161844,0.0192926045,7.4369492797,38,1438,72,Low Volume, High CTR,Q2 (25-50% Volume),Q4 (Top 25% CTR)
solognac trousers,3069,0.3857934181,0.018572825,19.3888655053,82,1184,57,Low Volume, High CTR,Q1 (Bottom 25% Volume),Q4 (Top 25% CTR)
single speed,2477,0.3916027453,0.0080742834,1.8817010309,15,970,20,Low Volume, High CTR,Q1 (Bottom 25% Volume),Q4 (Top 25% CTR)
foldable backpack,2816,0.3916903409,0.0213068182,2.0478586539,4,1103,60,Low Volume, High CTR,Q1 (Bottom 25% Volume),Q4 (Top 25% CTR)
wash bag,4208,0.3963878327,0.0175855513,3.5443944844,13,1668,74,Low Volume, High CTR,Q2 (25-50% Volume),Q4 (Top 25% CTR)
rcr pro,3032,0.4040237467,0.0023087071,2.556526725,7,1225,7,Low Volume, High CTR,Q1 (Bottom 25% Volume),Q4 (Top 25% CTR)
hunting trousers,3586,0.4127161182,0.0150585611,21.3123991849,86,1480,54,Low Volume, High CTR,Q2 (25-50% Volume),Q4 (Top 25% CTR)
glove liner,2516,0.4145468998,0.0445151033,3.5777511452,11,1043,112,Low Volume, High CTR,Q1 (Bottom 25% Volume),Q4 (Top 25% CTR)
kids ski socks,3659,0.4260726975,0.0601257174,4.350615983,21,1559,220,Low Volume, High CTR,Q2 (25-50% Volume),Q4 (Top 25% CTR)
simond trousers,2419,0.4344770566,0.0198429103,6.9306963889,31,1051,48,Low Volume, High CTR,Q1 (Bottom 25% Volume),Q4 (Top 25% CTR)
simond jacket,3117,0.4382418993,0.0112287456,7.6522746287,26,1366,35,Low Volume, High CTR,Q2 (25-50% Volume),Q4 (Top 25% CTR)
